axis,interval,lo,hi,mid,width,regime,aoa,h,drift,gamma,method,mean,std,max,ipfp_res,converged
mach,M0.80-0.90,0.8,0.9,0.8500000000000001,0.1,subsonic,0.0,0.025,SBsquared_exact+ffd,0.0001,BaryCDI,0.023234143403334035,0.006194534932119112,0.029760551688992408,8.690577857350945e-08,True
mach,M0.80-0.90,0.8,0.9,0.8500000000000001,0.1,subsonic,0.0,0.025,SBsquared_exact+ffd,0.0001,FFD,0.011873139264017417,0.0035177742910007677,0.015841717438762264,8.690577857350945e-08,True
mach,M0.80-0.90,0.8,0.9,0.8500000000000001,0.1,subsonic,0.0,0.025,SBsquared_exact+ffd,0.0001,Linear,0.028907604361410044,0.006962717449937254,0.036338350823206196,8.690577857350945e-08,True
mach,M0.80-0.90,0.8,0.9,0.8500000000000001,0.1,subsonic,0.0,0.025,ffd,0.0001,BaryCDI,0.023855633717190152,0.006252118289523204,0.030413608962463548,9.985734550355119e-08,True
mach,M0.80-0.90,0.8,0.9,0.8500000000000001,0.1,subsonic,0.0,0.025,ffd,0.0001,FFD,0.011873139264017417,0.0035177742910007677,0.015841717438762264,9.985734550355119e-08,True
mach,M0.80-0.90,0.8,0.9,0.8500000000000001,0.1,subsonic,0.0,0.025,ffd,0.0001,Linear,0.028907604361410044,0.006962717449937254,0.036338350823206196,9.985734550355119e-08,True
mach,M0.80-0.90,0.8,0.9,0.8500000000000001,0.1,subsonic,0.0,0.025,null,0.0001,BaryCDI,0.023266242153099363,0.00615915778941769,0.0297601801307099,0.056414428569553365,False
mach,M0.80-0.90,0.8,0.9,0.8500000000000001,0.1,subsonic,0.0,0.025,null,0.0001,FFD,0.011873139264017417,0.0035177742910007677,0.015841717438762264,0.056414428569553365,False
mach,M0.80-0.90,0.8,0.9,0.8500000000000001,0.1,subsonic,0.0,0.025,null,0.0001,Linear,0.028907604361410044,0.006962717449937254,0.036338350823206196,0.056414428569553365,False
mach,M0.90-1.00,0.9,1.0,0.95,0.1,subsonic,0.0,0.025,SBsquared_exact+ffd,0.0001,BaryCDI,0.023583532305812168,0.00586906599445207,0.029718622087282938,9.759893870864289e-08,True
mach,M0.90-1.00,0.9,1.0,0.95,0.1,subsonic,0.0,0.025,SBsquared_exact+ffd,0.0001,FFD,0.00804015415479425,0.0015622896535489263,0.00965923979831949,9.759893870864289e-08,True
mach,M0.90-1.00,0.9,1.0,0.95,0.1,subsonic,0.0,0.025,SBsquared_exact+ffd,0.0001,Linear,0.029933535064355872,0.007358175717563483,0.037598217044090665,9.759893870864289e-08,True
mach,M0.90-1.00,0.9,1.0,0.95,0.1,subsonic,0.0,0.025,ffd,0.0001,BaryCDI,0.023888602625546207,0.005975143240621693,0.030102762529268832,8.448567712093791e-08,True
mach,M0.90-1.00,0.9,1.0,0.95,0.1,subsonic,0.0,0.025,ffd,0.0001,FFD,0.00804015415479425,0.0015622896535489263,0.00965923979831949,8.448567712093791e-08,True
mach,M0.90-1.00,0.9,1.0,0.95,0.1,subsonic,0.0,0.025,ffd,0.0001,Linear,0.029933535064355872,0.007358175717563483,0.037598217044090665,8.448567712093791e-08,True
mach,M0.90-1.00,0.9,1.0,0.95,0.1,subsonic,0.0,0.025,null,0.0001,BaryCDI,0.023794852797096547,0.0059755607912823335,0.03007045935731709,9.268859457733925e-08,True
mach,M0.90-1.00,0.9,1.0,0.95,0.1,subsonic,0.0,0.025,null,0.0001,FFD,0.00804015415479425,0.0015622896535489263,0.00965923979831949,9.268859457733925e-08,True
mach,M0.90-1.00,0.9,1.0,0.95,0.1,subsonic,0.0,0.025,null,0.0001,Linear,0.029933535064355872,0.007358175717563483,0.037598217044090665,9.268859457733925e-08,True
mach,M1.00-1.10,1.0,1.1,1.05,0.1,detached,0.0,0.025,SBsquared_exact+ffd,0.0001,BaryCDI,0.018049413548360562,0.004496525639297679,0.022798507120930626,9.744981710468892e-08,True
mach,M1.00-1.10,1.0,1.1,1.05,0.1,detached,0.0,0.025,SBsquared_exact+ffd,0.0001,FFD,0.010657186149198354,0.002643294637864306,0.013573927966232796,9.744981710468892e-08,True
mach,M1.00-1.10,1.0,1.1,1.05,0.1,detached,0.0,0.025,SBsquared_exact+ffd,0.0001,Linear,0.02608527498478513,0.006974769502808803,0.03336525391006805,9.744981710468892e-08,True
mach,M1.00-1.10,1.0,1.1,1.05,0.1,detached,0.0,0.025,ffd,0.0001,BaryCDI,0.018479607547755263,0.004783220367281991,0.02357413598500574,9.241124487857633e-08,True
mach,M1.00-1.10,1.0,1.1,1.05,0.1,detached,0.0,0.025,ffd,0.0001,FFD,0.010657186149198354,0.002643294637864306,0.013573927966232796,9.241124487857633e-08,True
mach,M1.00-1.10,1.0,1.1,1.05,0.1,detached,0.0,0.025,ffd,0.0001,Linear,0.02608527498478513,0.006974769502808803,0.03336525391006805,9.241124487857633e-08,True
mach,M1.00-1.10,1.0,1.1,1.05,0.1,detached,0.0,0.025,null,0.0001,BaryCDI,0.01627116849952787,0.004319688397926411,0.021004340542794604,5.902785744638095e-07,False
mach,M1.00-1.10,1.0,1.1,1.05,0.1,detached,0.0,0.025,null,0.0001,FFD,0.010657186149198354,0.002643294637864306,0.013573927966232796,5.902785744638095e-07,False
mach,M1.00-1.10,1.0,1.1,1.05,0.1,detached,0.0,0.025,null,0.0001,Linear,0.02608527498478513,0.006974769502808803,0.03336525391006805,5.902785744638095e-07,False
mach,M1.10-1.20,1.1,1.2,1.15,0.1,detached,0.0,0.025,SBsquared_exact+ffd,0.0001,BaryCDI,0.010287003838828794,0.0024530301295551064,0.012893256969195556,9.597853889431462e-08,True
mach,M1.10-1.20,1.1,1.2,1.15,0.1,detached,0.0,0.025,SBsquared_exact+ffd,0.0001,FFD,0.009024727383744928,0.00227037797866124,0.01148917905760457,9.597853889431462e-08,True
mach,M1.10-1.20,1.1,1.2,1.15,0.1,detached,0.0,0.025,SBsquared_exact+ffd,0.0001,Linear,0.020748837609135425,0.005973734549202956,0.027049005416129937,9.597853889431462e-08,True
mach,M1.10-1.20,1.1,1.2,1.15,0.1,detached,0.0,0.025,ffd,0.0001,BaryCDI,0.01091205672798824,0.002644061092493566,0.013726381531486224,8.919175797927892e-08,True
mach,M1.10-1.20,1.1,1.2,1.15,0.1,detached,0.0,0.025,ffd,0.0001,FFD,0.009024727383744928,0.00227037797866124,0.01148917905760457,8.919175797927892e-08,True
mach,M1.10-1.20,1.1,1.2,1.15,0.1,detached,0.0,0.025,ffd,0.0001,Linear,0.020748837609135425,0.005973734549202956,0.027049005416129937,8.919175797927892e-08,True
mach,M1.10-1.20,1.1,1.2,1.15,0.1,detached,0.0,0.025,null,0.0001,BaryCDI,0.010664630348799522,0.0028219742096355902,0.013863966887231583,1.771067474010124e-06,False
mach,M1.10-1.20,1.1,1.2,1.15,0.1,detached,0.0,0.025,null,0.0001,FFD,0.009024727383744928,0.00227037797866124,0.01148917905760457,1.771067474010124e-06,False
mach,M1.10-1.20,1.1,1.2,1.15,0.1,detached,0.0,0.025,null,0.0001,Linear,0.020748837609135425,0.005973734549202956,0.027049005416129937,1.771067474010124e-06,False
mach,M1.20-1.30,1.2,1.3,1.25,0.1,attached,0.0,0.025,SBsquared_exact+ffd,0.0001,BaryCDI,0.009619440356773803,0.0023843714513819064,0.012088826971037133,9.764370645370946e-08,True
mach,M1.20-1.30,1.2,1.3,1.25,0.1,attached,0.0,0.025,SBsquared_exact+ffd,0.0001,FFD,0.006042189729048888,0.0014622704782450422,0.007671082891068548,9.764370645370946e-08,True
mach,M1.20-1.30,1.2,1.3,1.25,0.1,attached,0.0,0.025,SBsquared_exact+ffd,0.0001,Linear,0.01611553580264058,0.004910416449254112,0.021308902779595157,9.764370645370946e-08,True
mach,M1.20-1.30,1.2,1.3,1.25,0.1,attached,0.0,0.025,ffd,0.0001,BaryCDI,0.00979680478856347,0.002406792980963047,0.012262347823881326,9.442535287007559e-08,True
mach,M1.20-1.30,1.2,1.3,1.25,0.1,attached,0.0,0.025,ffd,0.0001,FFD,0.006042189729048888,0.0014622704782450422,0.007671082891068548,9.442535287007559e-08,True
mach,M1.20-1.30,1.2,1.3,1.25,0.1,attached,0.0,0.025,ffd,0.0001,Linear,0.01611553580264058,0.004910416449254112,0.021308902779595157,9.442535287007559e-08,True
mach,M1.20-1.30,1.2,1.3,1.25,0.1,attached,0.0,0.025,null,0.0001,BaryCDI,0.010202629340588305,0.00215289132489137,0.012626889124063886,0.015896810710273712,False
mach,M1.20-1.30,1.2,1.3,1.25,0.1,attached,0.0,0.025,null,0.0001,FFD,0.006042189729048888,0.0014622704782450422,0.007671082891068548,0.015896810710273712,False
mach,M1.20-1.30,1.2,1.3,1.25,0.1,attached,0.0,0.025,null,0.0001,Linear,0.01611553580264058,0.004910416449254112,0.021308902779595157,0.015896810710273712,False
mach,M1.30-1.40,1.3,1.4,1.35,0.1,attached,0.0,0.025,SBsquared_exact+ffd,0.0001,BaryCDI,0.00786861518720697,0.002337800927473612,0.010614128613375063,1.8844865223854868e-07,False
mach,M1.30-1.40,1.3,1.4,1.35,0.1,attached,0.0,0.025,SBsquared_exact+ffd,0.0001,FFD,0.0048123990884541236,0.0013996451641054338,0.00656648634135124,1.8844865223854868e-07,False
mach,M1.30-1.40,1.3,1.4,1.35,0.1,attached,0.0,0.025,SBsquared_exact+ffd,0.0001,Linear,0.010777575735795948,0.0035101784710164473,0.01475114273744329,1.8844865223854868e-07,False
mach,M1.30-1.40,1.3,1.4,1.35,0.1,attached,0.0,0.025,ffd,0.0001,BaryCDI,0.007964854692589653,0.0023747929914974203,0.010755279833932572,9.883183338388335e-08,True
mach,M1.30-1.40,1.3,1.4,1.35,0.1,attached,0.0,0.025,ffd,0.0001,FFD,0.0048123990884541236,0.0013996451641054338,0.00656648634135124,9.883183338388335e-08,True
mach,M1.30-1.40,1.3,1.4,1.35,0.1,attached,0.0,0.025,ffd,0.0001,Linear,0.010777575735795948,0.0035101784710164473,0.01475114273744329,9.883183338388335e-08,True
mach,M1.30-1.40,1.3,1.4,1.35,0.1,attached,0.0,0.025,null,0.0001,BaryCDI,0.007850205914553663,0.002309996010145873,0.010541756191037076,1.1803201402926788e-06,False
mach,M1.30-1.40,1.3,1.4,1.35,0.1,attached,0.0,0.025,null,0.0001,FFD,0.0048123990884541236,0.0013996451641054338,0.00656648634135124,1.1803201402926788e-06,False
mach,M1.30-1.40,1.3,1.4,1.35,0.1,attached,0.0,0.025,null,0.0001,Linear,0.010777575735795948,0.0035101784710164473,0.01475114273744329,1.1803201402926788e-06,False
mach,M1.30-1.40,1.3,1.4,1.35,0.1,attached,0.0,0.025,oblique,0.0001,BaryCDI,0.008186462843331951,0.002483287396611928,0.01104671708448053,8.237298203539467e-07,False
mach,M1.30-1.40,1.3,1.4,1.35,0.1,attached,0.0,0.025,oblique,0.0001,FFD,0.0048123990884541236,0.0013996451641054338,0.00656648634135124,8.237298203539467e-07,False
mach,M1.30-1.40,1.3,1.4,1.35,0.1,attached,0.0,0.025,oblique,0.0001,Linear,0.010777575735795948,0.0035101784710164473,0.01475114273744329,8.237298203539467e-07,False
mach,M1.40-1.50,1.4,1.5,1.45,0.1,attached,0.0,0.025,SBsquared_exact+ffd,0.0001,BaryCDI,0.004371752764837162,0.001476288485763656,0.00608607841199315,9.932804800882877e-08,True
mach,M1.40-1.50,1.4,1.5,1.45,0.1,attached,0.0,0.025,SBsquared_exact+ffd,0.0001,FFD,0.0028005887505584146,0.0007205544103175616,0.0037168621491892634,9.932804800882877e-08,True
mach,M1.40-1.50,1.4,1.5,1.45,0.1,attached,0.0,0.025,SBsquared_exact+ffd,0.0001,Linear,0.00659591924726651,0.002179156268573524,0.00899374430890208,9.932804800882877e-08,True
mach,M1.40-1.50,1.4,1.5,1.45,0.1,attached,0.0,0.025,ffd,0.0001,BaryCDI,0.0046624409319878345,0.0014960879926249355,0.006388869276493624,9.142776491444238e-08,True
mach,M1.40-1.50,1.4,1.5,1.45,0.1,attached,0.0,0.025,ffd,0.0001,FFD,0.0028005887505584146,0.0007205544103175616,0.0037168621491892634,9.142776491444238e-08,True
mach,M1.40-1.50,1.4,1.5,1.45,0.1,attached,0.0,0.025,ffd,0.0001,Linear,0.00659591924726651,0.002179156268573524,0.00899374430890208,9.142776491444238e-08,True
mach,M1.40-1.50,1.4,1.5,1.45,0.1,attached,0.0,0.025,null,0.0001,BaryCDI,0.004387462520944348,0.0014308838831142907,0.006062424322539373,4.826684430270234e-05,False
mach,M1.40-1.50,1.4,1.5,1.45,0.1,attached,0.0,0.025,null,0.0001,FFD,0.0028005887505584146,0.0007205544103175616,0.0037168621491892634,4.826684430270234e-05,False
mach,M1.40-1.50,1.4,1.5,1.45,0.1,attached,0.0,0.025,null,0.0001,Linear,0.00659591924726651,0.002179156268573524,0.00899374430890208,4.826684430270234e-05,False
mach,M1.40-1.50,1.4,1.5,1.45,0.1,attached,0.0,0.025,oblique,0.0001,BaryCDI,0.004424614515723297,0.0014440456375126045,0.006111080904530273,9.916551846345101e-08,True
mach,M1.40-1.50,1.4,1.5,1.45,0.1,attached,0.0,0.025,oblique,0.0001,FFD,0.0028005887505584146,0.0007205544103175616,0.0037168621491892634,9.916551846345101e-08,True
mach,M1.40-1.50,1.4,1.5,1.45,0.1,attached,0.0,0.025,oblique,0.0001,Linear,0.00659591924726651,0.002179156268573524,0.00899374430890208,9.916551846345101e-08,True
mach,M1.50-1.60,1.5,1.6,1.55,0.1,attached,0.0,0.025,SBsquared_exact+ffd,0.0001,BaryCDI,0.00321326680471168,0.0007489701767712054,0.003916164385123963,1.382370413693934e-07,False
mach,M1.50-1.60,1.5,1.6,1.55,0.1,attached,0.0,0.025,SBsquared_exact+ffd,0.0001,FFD,0.001842193112361606,0.00022790023362007187,0.0020892795080368455,1.382370413693934e-07,False
mach,M1.50-1.60,1.5,1.6,1.55,0.1,attached,0.0,0.025,SBsquared_exact+ffd,0.0001,Linear,0.004409068782136007,0.0014496783760209993,0.006034965953654045,1.382370413693934e-07,False
mach,M1.50-1.60,1.5,1.6,1.55,0.1,attached,0.0,0.025,ffd,0.0001,BaryCDI,0.0035238617717277742,0.0009202757767609819,0.004476631117159471,9.748114848662226e-08,True
mach,M1.50-1.60,1.5,1.6,1.55,0.1,attached,0.0,0.025,ffd,0.0001,FFD,0.001842193112361606,0.00022790023362007187,0.0020892795080368455,9.748114848662226e-08,True
mach,M1.50-1.60,1.5,1.6,1.55,0.1,attached,0.0,0.025,ffd,0.0001,Linear,0.004409068782136007,0.0014496783760209993,0.006034965953654045,9.748114848662226e-08,True
mach,M1.50-1.60,1.5,1.6,1.55,0.1,attached,0.0,0.025,null,0.0001,BaryCDI,0.0034032503135692812,0.0008338724671635956,0.004248932768935871,8.456692004443767e-07,False
mach,M1.50-1.60,1.5,1.6,1.55,0.1,attached,0.0,0.025,null,0.0001,FFD,0.001842193112361606,0.00022790023362007187,0.0020892795080368455,8.456692004443767e-07,False
mach,M1.50-1.60,1.5,1.6,1.55,0.1,attached,0.0,0.025,null,0.0001,Linear,0.004409068782136007,0.0014496783760209993,0.006034965953654045,8.456692004443767e-07,False
mach,M1.50-1.60,1.5,1.6,1.55,0.1,attached,0.0,0.025,oblique,0.0001,BaryCDI,0.003192946978552516,0.0008635717261177566,0.004082088100737999,8.120289017199411e-06,False
mach,M1.50-1.60,1.5,1.6,1.55,0.1,attached,0.0,0.025,oblique,0.0001,FFD,0.001842193112361606,0.00022790023362007187,0.0020892795080368455,8.120289017199411e-06,False
mach,M1.50-1.60,1.5,1.6,1.55,0.1,attached,0.0,0.025,oblique,0.0001,Linear,0.004409068782136007,0.0014496783760209993,0.006034965953654045,8.120289017199411e-06,False
mach,M1.60-1.70,1.6,1.7,1.65,0.1,attached,0.0,0.025,SBsquared_exact+ffd,0.0001,BaryCDI,0.0021020781520403892,0.0005145321578558107,0.002656768863552917,3.0430346349419324e-06,False
mach,M1.60-1.70,1.6,1.7,1.65,0.1,attached,0.0,0.025,SBsquared_exact+ffd,0.0001,FFD,0.0015885053935083744,0.00035199046991314827,0.002070960576110093,3.0430346349419324e-06,False
mach,M1.60-1.70,1.6,1.7,1.65,0.1,attached,0.0,0.025,SBsquared_exact+ffd,0.0001,Linear,0.003253203768011339,0.0010728378408821277,0.004470219683630283,3.0430346349419324e-06,False
mach,M1.60-1.70,1.6,1.7,1.65,0.1,attached,0.0,0.025,ffd,0.0001,BaryCDI,0.002370097239153373,0.0006147072874400718,0.003044829793786615,2.674000540991983e-07,False
mach,M1.60-1.70,1.6,1.7,1.65,0.1,attached,0.0,0.025,ffd,0.0001,FFD,0.0015885053935083744,0.00035199046991314827,0.002070960576110093,2.674000540991983e-07,False
mach,M1.60-1.70,1.6,1.7,1.65,0.1,attached,0.0,0.025,ffd,0.0001,Linear,0.003253203768011339,0.0010728378408821277,0.004470219683630283,2.674000540991983e-07,False
mach,M1.60-1.70,1.6,1.7,1.65,0.1,attached,0.0,0.025,null,0.0001,BaryCDI,0.002314801375324826,0.0005803174022232902,0.00295524201801235,4.749907871470782e-05,False
mach,M1.60-1.70,1.6,1.7,1.65,0.1,attached,0.0,0.025,null,0.0001,FFD,0.0015885053935083744,0.00035199046991314827,0.002070960576110093,4.749907871470782e-05,False
mach,M1.60-1.70,1.6,1.7,1.65,0.1,attached,0.0,0.025,null,0.0001,Linear,0.003253203768011339,0.0010728378408821277,0.004470219683630283,4.749907871470782e-05,False
mach,M1.60-1.70,1.6,1.7,1.65,0.1,attached,0.0,0.025,oblique,0.0001,BaryCDI,0.0022941933013021216,0.0005778930738256339,0.0029131803540303693,1.0785349502384634e-07,False
mach,M1.60-1.70,1.6,1.7,1.65,0.1,attached,0.0,0.025,oblique,0.0001,FFD,0.0015885053935083744,0.00035199046991314827,0.002070960576110093,1.0785349502384634e-07,False
mach,M1.60-1.70,1.6,1.7,1.65,0.1,attached,0.0,0.025,oblique,0.0001,Linear,0.003253203768011339,0.0010728378408821277,0.004470219683630283,1.0785349502384634e-07,False
mach,M1.70-1.80,1.7,1.8,1.75,0.1,attached,0.0,0.025,SBsquared_exact+ffd,0.0001,BaryCDI,0.0016002190856116748,0.00034547984797911514,0.0019885635180601426,1.6112544756197167e-06,False
mach,M1.70-1.80,1.7,1.8,1.75,0.1,attached,0.0,0.025,SBsquared_exact+ffd,0.0001,FFD,0.0014126822495668997,0.0002675447964256241,0.0016786690085023408,1.6112544756197167e-06,False
mach,M1.70-1.80,1.7,1.8,1.75,0.1,attached,0.0,0.025,SBsquared_exact+ffd,0.0001,Linear,0.0025469948420597673,0.0008413301161880694,0.0035131330653347323,1.6112544756197167e-06,False
mach,M1.70-1.80,1.7,1.8,1.75,0.1,attached,0.0,0.025,ffd,0.0001,BaryCDI,0.0018964739688154804,0.0004786468377084193,0.002441152373866481,4.2566166058577437e-07,False
mach,M1.70-1.80,1.7,1.8,1.75,0.1,attached,0.0,0.025,ffd,0.0001,FFD,0.0014126822495668997,0.0002675447964256241,0.0016786690085023408,4.2566166058577437e-07,False
mach,M1.70-1.80,1.7,1.8,1.75,0.1,attached,0.0,0.025,ffd,0.0001,Linear,0.0025469948420597673,0.0008413301161880694,0.0035131330653347323,4.2566166058577437e-07,False
mach,M1.70-1.80,1.7,1.8,1.75,0.1,attached,0.0,0.025,null,0.0001,BaryCDI,0.0018558717095427891,0.0004496086608235303,0.002338390919943951,1.0929616237831397e-05,False
mach,M1.70-1.80,1.7,1.8,1.75,0.1,attached,0.0,0.025,null,0.0001,FFD,0.0014126822495668997,0.0002675447964256241,0.0016786690085023408,1.0929616237831397e-05,False
mach,M1.70-1.80,1.7,1.8,1.75,0.1,attached,0.0,0.025,null,0.0001,Linear,0.0025469948420597673,0.0008413301161880694,0.0035131330653347323,1.0929616237831397e-05,False
mach,M1.70-1.80,1.7,1.8,1.75,0.1,attached,0.0,0.025,oblique,0.0001,BaryCDI,0.0018353558225498758,0.0004518334093679887,0.0023277863996792997,5.463761426938163e-05,False
mach,M1.70-1.80,1.7,1.8,1.75,0.1,attached,0.0,0.025,oblique,0.0001,FFD,0.0014126822495668997,0.0002675447964256241,0.0016786690085023408,5.463761426938163e-05,False
mach,M1.70-1.80,1.7,1.8,1.75,0.1,attached,0.0,0.025,oblique,0.0001,Linear,0.0025469948420597673,0.0008413301161880694,0.0035131330653347323,5.463761426938163e-05,False
mach,M1.80-1.90,1.8,1.9,1.85,0.1,attached,0.0,0.025,SBsquared_exact+ffd,0.0001,BaryCDI,0.0013927921066933338,0.00032963435366766176,0.001702627045356886,4.292118992310634e-05,False
mach,M1.80-1.90,1.8,1.9,1.85,0.1,attached,0.0,0.025,SBsquared_exact+ffd,0.0001,FFD,0.0013064210311045008,0.00027083232110292803,0.0015425501828096725,4.292118992310634e-05,False
mach,M1.80-1.90,1.8,1.9,1.85,0.1,attached,0.0,0.025,SBsquared_exact+ffd,0.0001,Linear,0.002027671867831878,0.0006797442501494452,0.0028231010827243722,4.292118992310634e-05,False
mach,M1.80-1.90,1.8,1.9,1.85,0.1,attached,0.0,0.025,ffd,0.0001,BaryCDI,0.0016559438429970769,0.00038760228241183303,0.0021755305360306575,4.286841047473899e-06,False
mach,M1.80-1.90,1.8,1.9,1.85,0.1,attached,0.0,0.025,ffd,0.0001,FFD,0.0013064210311045008,0.00027083232110292803,0.0015425501828096725,4.286841047473899e-06,False
mach,M1.80-1.90,1.8,1.9,1.85,0.1,attached,0.0,0.025,ffd,0.0001,Linear,0.002027671867831878,0.0006797442501494452,0.0028231010827243722,4.286841047473899e-06,False
mach,M1.80-1.90,1.8,1.9,1.85,0.1,attached,0.0,0.025,null,0.0001,BaryCDI,0.0015361518989336466,0.00042037897592094953,0.0019755872872559677,4.47714367552976e-05,False
mach,M1.80-1.90,1.8,1.9,1.85,0.1,attached,0.0,0.025,null,0.0001,FFD,0.0013064210311045008,0.00027083232110292803,0.0015425501828096725,4.47714367552976e-05,False
mach,M1.80-1.90,1.8,1.9,1.85,0.1,attached,0.0,0.025,null,0.0001,Linear,0.002027671867831878,0.0006797442501494452,0.0028231010827243722,4.47714367552976e-05,False
mach,M1.80-1.90,1.8,1.9,1.85,0.1,attached,0.0,0.025,oblique,0.0001,BaryCDI,0.0014874943174017388,0.0003857704042975406,0.0018876525450110355,4.793745329578769e-07,False
mach,M1.80-1.90,1.8,1.9,1.85,0.1,attached,0.0,0.025,oblique,0.0001,FFD,0.0013064210311045008,0.00027083232110292803,0.0015425501828096725,4.793745329578769e-07,False
mach,M1.80-1.90,1.8,1.9,1.85,0.1,attached,0.0,0.025,oblique,0.0001,Linear,0.002027671867831878,0.0006797442501494452,0.0028231010827243722,4.793745329578769e-07,False
mach,M1.90-2.00,1.9,2.0,1.95,0.1,attached,0.0,0.025,SBsquared_exact+ffd,0.0001,BaryCDI,0.0013166537435302917,0.00038833483452453384,0.0017415334332372364,1.677148632595049e-05,False
mach,M1.90-2.00,1.9,2.0,1.95,0.1,attached,0.0,0.025,SBsquared_exact+ffd,0.0001,FFD,0.0009940976752984975,0.00026901078764908845,0.0012765644323506774,1.677148632595049e-05,False
mach,M1.90-2.00,1.9,2.0,1.95,0.1,attached,0.0,0.025,SBsquared_exact+ffd,0.0001,Linear,0.0015656188006355142,0.0005056200474425078,0.002136019768727399,1.677148632595049e-05,False
mach,M1.90-2.00,1.9,2.0,1.95,0.1,attached,0.0,0.025,ffd,0.0001,BaryCDI,0.0012359965326378033,0.00033906560209114034,0.0016307469426051525,4.809041153208682e-05,False
mach,M1.90-2.00,1.9,2.0,1.95,0.1,attached,0.0,0.025,ffd,0.0001,FFD,0.0009940976752984975,0.00026901078764908845,0.0012765644323506774,4.809041153208682e-05,False
mach,M1.90-2.00,1.9,2.0,1.95,0.1,attached,0.0,0.025,ffd,0.0001,Linear,0.0015656188006355142,0.0005056200474425078,0.002136019768727399,4.809041153208682e-05,False
mach,M1.90-2.00,1.9,2.0,1.95,0.1,attached,0.0,0.025,null,0.0001,BaryCDI,0.0011391770279955,0.00033097789534427803,0.0014910940304568635,0.00024289692773926674,False
mach,M1.90-2.00,1.9,2.0,1.95,0.1,attached,0.0,0.025,null,0.0001,FFD,0.0009940976752984975,0.00026901078764908845,0.0012765644323506774,0.00024289692773926674,False
mach,M1.90-2.00,1.9,2.0,1.95,0.1,attached,0.0,0.025,null,0.0001,Linear,0.0015656188006355142,0.0005056200474425078,0.002136019768727399,0.00024289692773926674,False
mach,M1.90-2.00,1.9,2.0,1.95,0.1,attached,0.0,0.025,oblique,0.0001,BaryCDI,0.0011507661887478766,0.00031121356306123557,0.0014679238128008226,4.549808782172704e-06,False
mach,M1.90-2.00,1.9,2.0,1.95,0.1,attached,0.0,0.025,oblique,0.0001,FFD,0.0009940976752984975,0.00026901078764908845,0.0012765644323506774,4.549808782172704e-06,False
mach,M1.90-2.00,1.9,2.0,1.95,0.1,attached,0.0,0.025,oblique,0.0001,Linear,0.0015656188006355142,0.0005056200474425078,0.002136019768727399,4.549808782172704e-06,False
mach,M2.00-2.10,2.0,2.1,2.05,0.1,attached,0.0,0.025,SBsquared_exact+ffd,0.0001,BaryCDI,0.0010170942456393045,0.00024835475589228957,0.001310678793988301,3.124484885219658e-05,False
mach,M2.00-2.10,2.0,2.1,2.05,0.1,attached,0.0,0.025,SBsquared_exact+ffd,0.0001,FFD,0.0009189739193660414,0.00021099589966878,0.0011241822459938321,3.124484885219658e-05,False
mach,M2.00-2.10,2.0,2.1,2.05,0.1,attached,0.0,0.025,SBsquared_exact+ffd,0.0001,Linear,0.001263643596082071,0.00039771046603467506,0.0017194622150611535,3.124484885219658e-05,False
mach,M2.00-2.10,2.0,2.1,2.05,0.1,attached,0.0,0.025,ffd,0.0001,BaryCDI,0.0009955925974323497,0.00022149203669590082,0.0012443878425076643,2.221096977450543e-05,False
mach,M2.00-2.10,2.0,2.1,2.05,0.1,attached,0.0,0.025,ffd,0.0001,FFD,0.0009189739193660414,0.00021099589966878,0.0011241822459938321,2.221096977450543e-05,False
mach,M2.00-2.10,2.0,2.1,2.05,0.1,attached,0.0,0.025,ffd,0.0001,Linear,0.001263643596082071,0.00039771046603467506,0.0017194622150611535,2.221096977450543e-05,False
mach,M2.00-2.10,2.0,2.1,2.05,0.1,attached,0.0,0.025,null,0.0001,BaryCDI,0.0009206582873026608,0.0002466795342884744,0.001183497334746299,1.5032122604452525e-06,False
mach,M2.00-2.10,2.0,2.1,2.05,0.1,attached,0.0,0.025,null,0.0001,FFD,0.0009189739193660414,0.00021099589966878,0.0011241822459938321,1.5032122604452525e-06,False
mach,M2.00-2.10,2.0,2.1,2.05,0.1,attached,0.0,0.025,null,0.0001,Linear,0.001263643596082071,0.00039771046603467506,0.0017194622150611535,1.5032122604452525e-06,False
mach,M2.00-2.10,2.0,2.1,2.05,0.1,attached,0.0,0.025,oblique,0.0001,BaryCDI,0.0009565148962718405,0.00022725264993098877,0.001169250308819919,1.2008047804101807e-05,False
mach,M2.00-2.10,2.0,2.1,2.05,0.1,attached,0.0,0.025,oblique,0.0001,FFD,0.0009189739193660414,0.00021099589966878,0.0011241822459938321,1.2008047804101807e-05,False
mach,M2.00-2.10,2.0,2.1,2.05,0.1,attached,0.0,0.025,oblique,0.0001,Linear,0.001263643596082071,0.00039771046603467506,0.0017194622150611535,1.2008047804101807e-05,False
mach,M2.10-2.20,2.1,2.2,2.1500000000000004,0.1,attached,0.0,0.025,SBsquared_exact+ffd,0.0001,BaryCDI,0.0008635637883199102,0.00024225990117052577,0.001121812170507944,1.0704229165270363e-05,False
mach,M2.10-2.20,2.1,2.2,2.1500000000000004,0.1,attached,0.0,0.025,SBsquared_exact+ffd,0.0001,FFD,0.0007515017013288139,0.00020090450499020982,0.0009599773287952614,1.0704229165270363e-05,False
mach,M2.10-2.20,2.1,2.2,2.1500000000000004,0.1,attached,0.0,0.025,SBsquared_exact+ffd,0.0001,Linear,0.001039965998161204,0.00033444033704299483,0.0014267567491873948,1.0704229165270363e-05,False
mach,M2.10-2.20,2.1,2.2,2.1500000000000004,0.1,attached,0.0,0.025,ffd,0.0001,BaryCDI,0.0008648878766684106,0.00021654104679589227,0.0010852266595764454,6.241955418317957e-06,False
mach,M2.10-2.20,2.1,2.2,2.1500000000000004,0.1,attached,0.0,0.025,ffd,0.0001,FFD,0.0007515017013288139,0.00020090450499020982,0.0009599773287952614,6.241955418317957e-06,False
mach,M2.10-2.20,2.1,2.2,2.1500000000000004,0.1,attached,0.0,0.025,ffd,0.0001,Linear,0.001039965998161204,0.00033444033704299483,0.0014267567491873948,6.241955418317957e-06,False
mach,M2.10-2.20,2.1,2.2,2.1500000000000004,0.1,attached,0.0,0.025,null,0.0001,BaryCDI,0.0008444032469198336,0.00023250205552993798,0.0010882426683237253,5.692560102588118e-05,False
mach,M2.10-2.20,2.1,2.2,2.1500000000000004,0.1,attached,0.0,0.025,null,0.0001,FFD,0.0007515017013288139,0.00020090450499020982,0.0009599773287952614,5.692560102588118e-05,False
mach,M2.10-2.20,2.1,2.2,2.1500000000000004,0.1,attached,0.0,0.025,null,0.0001,Linear,0.001039965998161204,0.00033444033704299483,0.0014267567491873948,5.692560102588118e-05,False
mach,M2.10-2.20,2.1,2.2,2.1500000000000004,0.1,attached,0.0,0.025,oblique,0.0001,BaryCDI,0.0008002190788337437,0.00021533295387724294,0.001022685104246135,6.098090707951087e-06,False
mach,M2.10-2.20,2.1,2.2,2.1500000000000004,0.1,attached,0.0,0.025,oblique,0.0001,FFD,0.0007515017013288139,0.00020090450499020982,0.0009599773287952614,6.098090707951087e-06,False
mach,M2.10-2.20,2.1,2.2,2.1500000000000004,0.1,attached,0.0,0.025,oblique,0.0001,Linear,0.001039965998161204,0.00033444033704299483,0.0014267567491873948,6.098090707951087e-06,False
mach,M2.20-2.30,2.2,2.3,2.25,0.1,attached,0.0,0.025,SBsquared_exact+ffd,0.0001,BaryCDI,0.0008369271950604312,0.0002347086888130042,0.0010816595029927952,3.8736618144241675e-06,False
mach,M2.20-2.30,2.2,2.3,2.25,0.1,attached,0.0,0.025,SBsquared_exact+ffd,0.0001,FFD,0.0007686861815632666,0.00020987554254458624,0.0009867957984541936,3.8736618144241675e-06,False
mach,M2.20-2.30,2.2,2.3,2.25,0.1,attached,0.0,0.025,SBsquared_exact+ffd,0.0001,Linear,0.0008387403871507031,0.0002636303627527341,0.0011337339400232147,3.8736618144241675e-06,False
mach,M2.20-2.30,2.2,2.3,2.25,0.1,attached,0.0,0.025,ffd,0.0001,BaryCDI,0.0008114448939603133,0.00021630707290555367,0.0010314657596937865,9.105124064490155e-06,False
mach,M2.20-2.30,2.2,2.3,2.25,0.1,attached,0.0,0.025,ffd,0.0001,FFD,0.0007686861815632666,0.00020987554254458624,0.0009867957984541936,9.105124064490155e-06,False
mach,M2.20-2.30,2.2,2.3,2.25,0.1,attached,0.0,0.025,ffd,0.0001,Linear,0.0008387403871507031,0.0002636303627527341,0.0011337339400232147,9.105124064490155e-06,False
mach,M2.20-2.30,2.2,2.3,2.25,0.1,attached,0.0,0.025,null,0.0001,BaryCDI,0.0008066436895824574,0.00022226942834174636,0.001038887885390417,2.851097722356144e-06,False
mach,M2.20-2.30,2.2,2.3,2.25,0.1,attached,0.0,0.025,null,0.0001,FFD,0.0007686861815632666,0.00020987554254458624,0.0009867957984541936,2.851097722356144e-06,False
mach,M2.20-2.30,2.2,2.3,2.25,0.1,attached,0.0,0.025,null,0.0001,Linear,0.0008387403871507031,0.0002636303627527341,0.0011337339400232147,2.851097722356144e-06,False
mach,M2.20-2.30,2.2,2.3,2.25,0.1,attached,0.0,0.025,oblique,0.0001,BaryCDI,0.0007614342620406242,0.00020534312057932225,0.0009765490681971446,3.7152931291473124e-06,False
mach,M2.20-2.30,2.2,2.3,2.25,0.1,attached,0.0,0.025,oblique,0.0001,FFD,0.0007686861815632666,0.00020987554254458624,0.0009867957984541936,3.7152931291473124e-06,False
mach,M2.20-2.30,2.2,2.3,2.25,0.1,attached,0.0,0.025,oblique,0.0001,Linear,0.0008387403871507031,0.0002636303627527341,0.0011337339400232147,3.7152931291473124e-06,False
mach,M2.30-2.40,2.3,2.4,2.3499999999999996,0.1,attached,0.0,0.025,SBsquared_exact+ffd,0.0001,BaryCDI,0.0007316448313566191,0.00021033734193376164,0.0009668095261931298,9.169647796625213e-08,True
mach,M2.30-2.40,2.3,2.4,2.3499999999999996,0.1,attached,0.0,0.025,SBsquared_exact+ffd,0.0001,FFD,0.0006663023331293932,0.0001915880201867521,0.0008808474041356309,9.169647796625213e-08,True
mach,M2.30-2.40,2.3,2.4,2.3499999999999996,0.1,attached,0.0,0.025,SBsquared_exact+ffd,0.0001,Linear,0.0006719836515469335,0.00020331589874524343,0.0009063499674180174,9.169647796625213e-08,True
mach,M2.30-2.40,2.3,2.4,2.3499999999999996,0.1,attached,0.0,0.025,ffd,0.0001,BaryCDI,0.000759380141759918,0.000203919491662184,0.0009813418008693862,9.484526799496962e-07,False
mach,M2.30-2.40,2.3,2.4,2.3499999999999996,0.1,attached,0.0,0.025,ffd,0.0001,FFD,0.0006663023331293932,0.0001915880201867521,0.0008808474041356309,9.484526799496962e-07,False
mach,M2.30-2.40,2.3,2.4,2.3499999999999996,0.1,attached,0.0,0.025,ffd,0.0001,Linear,0.0006719836515469335,0.00020331589874524343,0.0009063499674180174,9.484526799496962e-07,False
mach,M2.30-2.40,2.3,2.4,2.3499999999999996,0.1,attached,0.0,0.025,null,0.0001,BaryCDI,0.0020215860610936784,0.0013941610205904298,0.004303711030445858,0.002733032493608789,False
mach,M2.30-2.40,2.3,2.4,2.3499999999999996,0.1,attached,0.0,0.025,null,0.0001,FFD,0.0006663023331293932,0.0001915880201867521,0.0008808474041356309,0.002733032493608789,False
mach,M2.30-2.40,2.3,2.4,2.3499999999999996,0.1,attached,0.0,0.025,null,0.0001,Linear,0.0006719836515469335,0.00020331589874524343,0.0009063499674180174,0.002733032493608789,False
mach,M2.30-2.40,2.3,2.4,2.3499999999999996,0.1,attached,0.0,0.025,oblique,0.0001,BaryCDI,0.0007032502125320976,0.00020132524643024866,0.0009271835231904128,9.918051091517555e-08,True
mach,M2.30-2.40,2.3,2.4,2.3499999999999996,0.1,attached,0.0,0.025,oblique,0.0001,FFD,0.0006663023331293932,0.0001915880201867521,0.0008808474041356309,9.918051091517555e-08,True
mach,M2.30-2.40,2.3,2.4,2.3499999999999996,0.1,attached,0.0,0.025,oblique,0.0001,Linear,0.0006719836515469335,0.00020331589874524343,0.0009063499674180174,9.918051091517555e-08,True
mach,M2.40-2.50,2.4,2.5,2.45,0.1,attached,0.0,0.025,SBsquared_exact+ffd,0.0001,BaryCDI,0.0007242658184352377,0.00019964516710791047,0.0009670312419730098,7.402046886539893e-08,True
mach,M2.40-2.50,2.4,2.5,2.45,0.1,attached,0.0,0.025,SBsquared_exact+ffd,0.0001,FFD,0.0007410512996172728,0.00019747537004117467,0.0009542074927062454,7.402046886539893e-08,True
mach,M2.40-2.50,2.4,2.5,2.45,0.1,attached,0.0,0.025,SBsquared_exact+ffd,0.0001,Linear,0.0005306149856793943,0.0001469794266814058,0.0007005096670067832,7.402046886539893e-08,True
mach,M2.40-2.50,2.4,2.5,2.45,0.1,attached,0.0,0.025,ffd,0.0001,BaryCDI,0.0007999375967408516,0.00021697567275169363,0.0010360524609308289,9.343327178612526e-08,True
mach,M2.40-2.50,2.4,2.5,2.45,0.1,attached,0.0,0.025,ffd,0.0001,FFD,0.0007410512996172728,0.00019747537004117467,0.0009542074927062454,9.343327178612526e-08,True
mach,M2.40-2.50,2.4,2.5,2.45,0.1,attached,0.0,0.025,ffd,0.0001,Linear,0.0005306149856793943,0.0001469794266814058,0.0007005096670067832,9.343327178612526e-08,True
mach,M2.40-2.50,2.4,2.5,2.45,0.1,attached,0.0,0.025,null,0.0001,BaryCDI,0.0006756949073923415,0.00018762434367494067,0.0008842137315330257,9.825150470987865e-08,True
mach,M2.40-2.50,2.4,2.5,2.45,0.1,attached,0.0,0.025,null,0.0001,FFD,0.0007410512996172728,0.00019747537004117467,0.0009542074927062454,9.825150470987865e-08,True
mach,M2.40-2.50,2.4,2.5,2.45,0.1,attached,0.0,0.025,null,0.0001,Linear,0.0005306149856793943,0.0001469794266814058,0.0007005096670067832,9.825150470987865e-08,True
mach,M2.40-2.50,2.4,2.5,2.45,0.1,attached,0.0,0.025,oblique,0.0001,BaryCDI,0.0006752955417135732,0.00018351502130741802,0.000877448018997803,9.195110806103912e-08,True
mach,M2.40-2.50,2.4,2.5,2.45,0.1,attached,0.0,0.025,oblique,0.0001,FFD,0.0007410512996172728,0.00019747537004117467,0.0009542074927062454,9.195110806103912e-08,True
mach,M2.40-2.50,2.4,2.5,2.45,0.1,attached,0.0,0.025,oblique,0.0001,Linear,0.0005306149856793943,0.0001469794266814058,0.0007005096670067832,9.195110806103912e-08,True
mach,M2.50-2.60,2.5,2.6,2.55,0.1,attached,0.0,0.025,SBsquared_exact+ffd,0.0001,BaryCDI,0.0008694792693887369,0.00026724883367522574,0.0011661483250884142,1.6256217634236236e-06,False
mach,M2.50-2.60,2.5,2.6,2.55,0.1,attached,0.0,0.025,SBsquared_exact+ffd,0.0001,FFD,0.0006264287488224744,0.00018045572776153294,0.0008334592891952475,1.6256217634236236e-06,False
mach,M2.50-2.60,2.5,2.6,2.55,0.1,attached,0.0,0.025,SBsquared_exact+ffd,0.0001,Linear,0.00045380471622334374,0.00012833817731362128,0.0006075693785651458,1.6256217634236236e-06,False
mach,M2.50-2.60,2.5,2.6,2.55,0.1,attached,0.0,0.025,ffd,0.0001,BaryCDI,0.0007863234355330804,0.00023953456591554212,0.0010479081814595967,6.929526534804609e-07,False
mach,M2.50-2.60,2.5,2.6,2.55,0.1,attached,0.0,0.025,ffd,0.0001,FFD,0.0006264287488224744,0.00018045572776153294,0.0008334592891952475,6.929526534804609e-07,False
mach,M2.50-2.60,2.5,2.6,2.55,0.1,attached,0.0,0.025,ffd,0.0001,Linear,0.00045380471622334374,0.00012833817731362128,0.0006075693785651458,6.929526534804609e-07,False
mach,M2.50-2.60,2.5,2.6,2.55,0.1,attached,0.0,0.025,null,0.0001,BaryCDI,0.0017470524680218073,0.0014842980767240015,0.004281118369144262,0.9127968623109837,False
mach,M2.50-2.60,2.5,2.6,2.55,0.1,attached,0.0,0.025,null,0.0001,FFD,0.0006264287488224744,0.00018045572776153294,0.0008334592891952475,0.9127968623109837,False
mach,M2.50-2.60,2.5,2.6,2.55,0.1,attached,0.0,0.025,null,0.0001,Linear,0.00045380471622334374,0.00012833817731362128,0.0006075693785651458,0.9127968623109837,False
mach,M2.50-2.60,2.5,2.6,2.55,0.1,attached,0.0,0.025,oblique,0.0001,BaryCDI,0.0006764139395983395,0.00019382843424881865,0.0008943501538320451,0.0009648711638590157,False
mach,M2.50-2.60,2.5,2.6,2.55,0.1,attached,0.0,0.025,oblique,0.0001,FFD,0.0006264287488224744,0.00018045572776153294,0.0008334592891952475,0.0009648711638590157,False
mach,M2.50-2.60,2.5,2.6,2.55,0.1,attached,0.0,0.025,oblique,0.0001,Linear,0.00045380471622334374,0.00012833817731362128,0.0006075693785651458,0.0009648711638590157,False
mach,M2.60-2.70,2.6,2.7,2.6500000000000004,0.1,attached,0.0,0.025,SBsquared_exact+ffd,0.0001,BaryCDI,0.0006713111390591499,0.00020094055336078014,0.000893892828422374,8.447293424040936e-05,False
mach,M2.60-2.70,2.6,2.7,2.6500000000000004,0.1,attached,0.0,0.025,SBsquared_exact+ffd,0.0001,FFD,0.000516236442169696,0.00015338439455938284,0.0006896873538517975,8.447293424040936e-05,False
mach,M2.60-2.70,2.6,2.7,2.6500000000000004,0.1,attached,0.0,0.025,SBsquared_exact+ffd,0.0001,Linear,0.00037566538857301704,0.00010876528102902853,0.0004989018012552946,8.447293424040936e-05,False
mach,M2.60-2.70,2.6,2.7,2.6500000000000004,0.1,attached,0.0,0.025,ffd,0.0001,BaryCDI,0.0006951329129058816,0.00020152901492829784,0.000909521974709595,3.177011593891166e-05,False
mach,M2.60-2.70,2.6,2.7,2.6500000000000004,0.1,attached,0.0,0.025,ffd,0.0001,FFD,0.000516236442169696,0.00015338439455938284,0.0006896873538517975,3.177011593891166e-05,False
mach,M2.60-2.70,2.6,2.7,2.6500000000000004,0.1,attached,0.0,0.025,ffd,0.0001,Linear,0.00037566538857301704,0.00010876528102902853,0.0004989018012552946,3.177011593891166e-05,False
mach,M2.60-2.70,2.6,2.7,2.6500000000000004,0.1,attached,0.0,0.025,null,0.0001,BaryCDI,0.0005366774383254029,0.00016087872171845305,0.0007187369054102867,3.223970015397981e-06,False
mach,M2.60-2.70,2.6,2.7,2.6500000000000004,0.1,attached,0.0,0.025,null,0.0001,FFD,0.000516236442169696,0.00015338439455938284,0.0006896873538517975,3.223970015397981e-06,False
mach,M2.60-2.70,2.6,2.7,2.6500000000000004,0.1,attached,0.0,0.025,null,0.0001,Linear,0.00037566538857301704,0.00010876528102902853,0.0004989018012552946,3.223970015397981e-06,False
mach,M2.60-2.70,2.6,2.7,2.6500000000000004,0.1,attached,0.0,0.025,oblique,0.0001,BaryCDI,0.0005708082175287284,0.00017942851181175192,0.0007856157522911775,0.0003502415288210159,False
mach,M2.60-2.70,2.6,2.7,2.6500000000000004,0.1,attached,0.0,0.025,oblique,0.0001,FFD,0.000516236442169696,0.00015338439455938284,0.0006896873538517975,0.0003502415288210159,False
mach,M2.60-2.70,2.6,2.7,2.6500000000000004,0.1,attached,0.0,0.025,oblique,0.0001,Linear,0.00037566538857301704,0.00010876528102902853,0.0004989018012552946,0.0003502415288210159,False
mach,M2.70-2.80,2.7,2.8,2.75,0.1,attached,0.0,0.025,SBsquared_exact+ffd,0.0001,BaryCDI,0.0005332646309287824,0.00016657439421126298,0.0007344015517841144,9.90566562109052e-08,True
mach,M2.70-2.80,2.7,2.8,2.75,0.1,attached,0.0,0.025,SBsquared_exact+ffd,0.0001,FFD,0.0005630774354559644,0.0001709558580882844,0.0007660786205327699,9.90566562109052e-08,True
mach,M2.70-2.80,2.7,2.8,2.75,0.1,attached,0.0,0.025,SBsquared_exact+ffd,0.0001,Linear,0.0003190707329996952,8.702448397385462e-05,0.0004164849503762634,9.90566562109052e-08,True
mach,M2.70-2.80,2.7,2.8,2.75,0.1,attached,0.0,0.025,ffd,0.0001,BaryCDI,0.0006604948475533114,0.00019013034691480203,0.0008457039611424797,0.0005462880069160292,False
mach,M2.70-2.80,2.7,2.8,2.75,0.1,attached,0.0,0.025,ffd,0.0001,FFD,0.0005630774354559644,0.0001709558580882844,0.0007660786205327699,0.0005462880069160292,False
mach,M2.70-2.80,2.7,2.8,2.75,0.1,attached,0.0,0.025,ffd,0.0001,Linear,0.0003190707329996952,8.702448397385462e-05,0.0004164849503762634,0.0005462880069160292,False
mach,M2.70-2.80,2.7,2.8,2.75,0.1,attached,0.0,0.025,null,0.0001,BaryCDI,0.003993163342137648,0.002764751576737068,0.008281160580181019,0.18918614397898637,False
mach,M2.70-2.80,2.7,2.8,2.75,0.1,attached,0.0,0.025,null,0.0001,FFD,0.0005630774354559644,0.0001709558580882844,0.0007660786205327699,0.18918614397898637,False
mach,M2.70-2.80,2.7,2.8,2.75,0.1,attached,0.0,0.025,null,0.0001,Linear,0.0003190707329996952,8.702448397385462e-05,0.0004164849503762634,0.18918614397898637,False
mach,M2.70-2.80,2.7,2.8,2.75,0.1,attached,0.0,0.025,oblique,0.0001,BaryCDI,0.0006097784505278704,0.0001935822698998081,0.0008392072831272482,1.2726050325309757,False
mach,M2.70-2.80,2.7,2.8,2.75,0.1,attached,0.0,0.025,oblique,0.0001,FFD,0.0005630774354559644,0.0001709558580882844,0.0007660786205327699,1.2726050325309757,False
mach,M2.70-2.80,2.7,2.8,2.75,0.1,attached,0.0,0.025,oblique,0.0001,Linear,0.0003190707329996952,8.702448397385462e-05,0.0004164849503762634,1.2726050325309757,False
mach,M2.80-2.90,2.8,2.9,2.8499999999999996,0.1,attached,0.0,0.025,SBsquared_exact+ffd,0.0001,BaryCDI,0.000697343213761038,0.00021050823170488448,0.0009329446612909947,4.420323804765758e-07,False
mach,M2.80-2.90,2.8,2.9,2.8499999999999996,0.1,attached,0.0,0.025,SBsquared_exact+ffd,0.0001,FFD,0.0005646396539011141,0.00016597467721489378,0.0007507087656263015,4.420323804765758e-07,False
mach,M2.80-2.90,2.8,2.9,2.8499999999999996,0.1,attached,0.0,0.025,SBsquared_exact+ffd,0.0001,Linear,0.00029202571830012794,7.768285203788399e-05,0.00038127575422159223,4.420323804765758e-07,False
mach,M2.80-2.90,2.8,2.9,2.8499999999999996,0.1,attached,0.0,0.025,ffd,0.0001,BaryCDI,0.000722347747219936,0.00023352600055099343,0.0009852464531785502,9.907495268635103e-08,True
mach,M2.80-2.90,2.8,2.9,2.8499999999999996,0.1,attached,0.0,0.025,ffd,0.0001,FFD,0.0005646396539011141,0.00016597467721489378,0.0007507087656263015,9.907495268635103e-08,True
mach,M2.80-2.90,2.8,2.9,2.8499999999999996,0.1,attached,0.0,0.025,ffd,0.0001,Linear,0.00029202571830012794,7.768285203788399e-05,0.00038127575422159223,9.907495268635103e-08,True
mach,M2.80-2.90,2.8,2.9,2.8499999999999996,0.1,attached,0.0,0.025,null,0.0001,BaryCDI,0.003668033382773901,0.0031776885091375543,0.00906590520779143,1.0945694526711804,False
mach,M2.80-2.90,2.8,2.9,2.8499999999999996,0.1,attached,0.0,0.025,null,0.0001,FFD,0.0005646396539011141,0.00016597467721489378,0.0007507087656263015,1.0945694526711804,False
mach,M2.80-2.90,2.8,2.9,2.8499999999999996,0.1,attached,0.0,0.025,null,0.0001,Linear,0.00029202571830012794,7.768285203788399e-05,0.00038127575422159223,1.0945694526711804,False
mach,M2.80-2.90,2.8,2.9,2.8499999999999996,0.1,attached,0.0,0.025,oblique,0.0001,BaryCDI,0.0005098948267664294,0.000147977558842674,0.0006741173215149626,0.01759045299479567,False
mach,M2.80-2.90,2.8,2.9,2.8499999999999996,0.1,attached,0.0,0.025,oblique,0.0001,FFD,0.0005646396539011141,0.00016597467721489378,0.0007507087656263015,0.01759045299479567,False
mach,M2.80-2.90,2.8,2.9,2.8499999999999996,0.1,attached,0.0,0.025,oblique,0.0001,Linear,0.00029202571830012794,7.768285203788399e-05,0.00038127575422159223,0.01759045299479567,False
mach,M2.90-3.00,2.9,3.0,2.95,0.1,attached,0.0,0.025,SBsquared_exact+ffd,0.0001,BaryCDI,0.0006000211021029297,0.00017354698677186808,0.0007928211152263651,9.267129996715084e-08,True
mach,M2.90-3.00,2.9,3.0,2.95,0.1,attached,0.0,0.025,SBsquared_exact+ffd,0.0001,FFD,0.00026859647742081844,7.116538318903674e-05,0.00035863062933034015,9.267129996715084e-08,True
mach,M2.90-3.00,2.9,3.0,2.95,0.1,attached,0.0,0.025,SBsquared_exact+ffd,0.0001,Linear,0.00026859418133688473,7.116541488464831e-05,0.00035862754209417183,9.267129996715084e-08,True
mach,M2.90-3.00,2.9,3.0,2.95,0.1,attached,0.0,0.025,ffd,0.0001,BaryCDI,0.0005051443877354661,0.0001529734111022364,0.0006780137334253907,1.4907933421858388,False
mach,M2.90-3.00,2.9,3.0,2.95,0.1,attached,0.0,0.025,ffd,0.0001,FFD,0.00026859647742081844,7.116538318903674e-05,0.00035863062933034015,1.4907933421858388,False
mach,M2.90-3.00,2.9,3.0,2.95,0.1,attached,0.0,0.025,ffd,0.0001,Linear,0.00026859418133688473,7.116541488464831e-05,0.00035862754209417183,1.4907933421858388,False
mach,M2.90-3.00,2.9,3.0,2.95,0.1,attached,0.0,0.025,null,0.0001,BaryCDI,0.0021223640746135704,0.0014174417404813067,0.004612168515462313,4.057396566936063,False
mach,M2.90-3.00,2.9,3.0,2.95,0.1,attached,0.0,0.025,null,0.0001,FFD,0.00026859647742081844,7.116538318903674e-05,0.00035863062933034015,4.057396566936063,False
mach,M2.90-3.00,2.9,3.0,2.95,0.1,attached,0.0,0.025,null,0.0001,Linear,0.00026859418133688473,7.116541488464831e-05,0.00035862754209417183,4.057396566936063,False
mach,M2.90-3.00,2.9,3.0,2.95,0.1,attached,0.0,0.025,oblique,0.0001,BaryCDI,0.00048199104273458554,0.00014330676991421704,0.0006420341196451629,0.9506374709638408,False
mach,M2.90-3.00,2.9,3.0,2.95,0.1,attached,0.0,0.025,oblique,0.0001,FFD,0.00026859647742081844,7.116538318903674e-05,0.00035863062933034015,0.9506374709638408,False
mach,M2.90-3.00,2.9,3.0,2.95,0.1,attached,0.0,0.025,oblique,0.0001,Linear,0.00026859418133688473,7.116541488464831e-05,0.00035862754209417183,0.9506374709638408,False
mach,M0.80-0.90,0.8,0.9,0.8500000000000001,0.1,subsonic,2.0,0.025,SBsquared_exact+ffd,0.0001,BaryCDI,0.022241009488516934,0.0056433803910207235,0.028340912558822255,8.86295481450361e-08,True
mach,M0.80-0.90,0.8,0.9,0.8500000000000001,0.1,subsonic,2.0,0.025,SBsquared_exact+ffd,0.0001,FFD,0.015153484136222618,0.004357008086158188,0.019879007248917606,8.86295481450361e-08,True
mach,M0.80-0.90,0.8,0.9,0.8500000000000001,0.1,subsonic,2.0,0.025,SBsquared_exact+ffd,0.0001,Linear,0.028980057948041513,0.006887342681205925,0.03615727110117905,8.86295481450361e-08,True
mach,M0.80-0.90,0.8,0.9,0.8500000000000001,0.1,subsonic,2.0,0.025,ffd,0.0001,BaryCDI,0.024041493205820937,0.006077295724123305,0.030574874012114575,9.539756540277722e-08,True
mach,M0.80-0.90,0.8,0.9,0.8500000000000001,0.1,subsonic,2.0,0.025,ffd,0.0001,FFD,0.015153484136222618,0.004357008086158188,0.019879007248917606,9.539756540277722e-08,True
mach,M0.80-0.90,0.8,0.9,0.8500000000000001,0.1,subsonic,2.0,0.025,ffd,0.0001,Linear,0.028980057948041513,0.006887342681205925,0.03615727110117905,9.539756540277722e-08,True
mach,M0.80-0.90,0.8,0.9,0.8500000000000001,0.1,subsonic,2.0,0.025,null,0.0001,BaryCDI,0.02193644277358916,0.0058694079965470125,0.028678602133479066,0.31792108856470236,False
mach,M0.80-0.90,0.8,0.9,0.8500000000000001,0.1,subsonic,2.0,0.025,null,0.0001,FFD,0.015153484136222618,0.004357008086158188,0.019879007248917606,0.31792108856470236,False
mach,M0.80-0.90,0.8,0.9,0.8500000000000001,0.1,subsonic,2.0,0.025,null,0.0001,Linear,0.028980057948041513,0.006887342681205925,0.03615727110117905,0.31792108856470236,False
mach,M0.90-1.00,0.9,1.0,0.95,0.1,subsonic,2.0,0.025,SBsquared_exact+ffd,0.0001,BaryCDI,0.024918333248529545,0.006048569890343958,0.03133961711145025,9.611912332729844e-08,True
mach,M0.90-1.00,0.9,1.0,0.95,0.1,subsonic,2.0,0.025,SBsquared_exact+ffd,0.0001,FFD,0.010054553804684153,0.002387833144423082,0.012730591038838298,9.611912332729844e-08,True
mach,M0.90-1.00,0.9,1.0,0.95,0.1,subsonic,2.0,0.025,SBsquared_exact+ffd,0.0001,Linear,0.029745536867487432,0.007214041952147202,0.037334753113085185,9.611912332729844e-08,True
mach,M0.90-1.00,0.9,1.0,0.95,0.1,subsonic,2.0,0.025,ffd,0.0001,BaryCDI,0.025729328284995023,0.0063450795956434955,0.03252612807910601,9.408688583789626e-08,True
mach,M0.90-1.00,0.9,1.0,0.95,0.1,subsonic,2.0,0.025,ffd,0.0001,FFD,0.010054553804684153,0.002387833144423082,0.012730591038838298,9.408688583789626e-08,True
mach,M0.90-1.00,0.9,1.0,0.95,0.1,subsonic,2.0,0.025,ffd,0.0001,Linear,0.029745536867487432,0.007214041952147202,0.037334753113085185,9.408688583789626e-08,True
mach,M0.90-1.00,0.9,1.0,0.95,0.1,subsonic,2.0,0.025,null,0.0001,BaryCDI,0.024299331172297576,0.005999581951901709,0.030723228211443535,0.008645222815687248,False
mach,M0.90-1.00,0.9,1.0,0.95,0.1,subsonic,2.0,0.025,null,0.0001,FFD,0.010054553804684153,0.002387833144423082,0.012730591038838298,0.008645222815687248,False
mach,M0.90-1.00,0.9,1.0,0.95,0.1,subsonic,2.0,0.025,null,0.0001,Linear,0.029745536867487432,0.007214041952147202,0.037334753113085185,0.008645222815687248,False
mach,M1.00-1.10,1.0,1.1,1.05,0.1,detached,2.0,0.025,SBsquared_exact+ffd,0.0001,BaryCDI,0.018142154718765888,0.004548804037845136,0.022977550849255273,8.851008814758643e-08,True
mach,M1.00-1.10,1.0,1.1,1.05,0.1,detached,2.0,0.025,SBsquared_exact+ffd,0.0001,FFD,0.01102767268109321,0.002707987634535215,0.014064821257013554,8.851008814758643e-08,True
mach,M1.00-1.10,1.0,1.1,1.05,0.1,detached,2.0,0.025,SBsquared_exact+ffd,0.0001,Linear,0.02611915002552708,0.0069790771664950116,0.03345334159995008,8.851008814758643e-08,True
mach,M1.00-1.10,1.0,1.1,1.05,0.1,detached,2.0,0.025,ffd,0.0001,BaryCDI,0.01868978751554844,0.004788305515534915,0.02385120671025602,9.796710287446331e-08,True
mach,M1.00-1.10,1.0,1.1,1.05,0.1,detached,2.0,0.025,ffd,0.0001,FFD,0.01102767268109321,0.002707987634535215,0.014064821257013554,9.796710287446331e-08,True
mach,M1.00-1.10,1.0,1.1,1.05,0.1,detached,2.0,0.025,ffd,0.0001,Linear,0.02611915002552708,0.0069790771664950116,0.03345334159995008,9.796710287446331e-08,True
mach,M1.00-1.10,1.0,1.1,1.05,0.1,detached,2.0,0.025,null,0.0001,BaryCDI,0.017005838060856426,0.004503191342546324,0.021905347047416188,8.911473514672252e-08,True
mach,M1.00-1.10,1.0,1.1,1.05,0.1,detached,2.0,0.025,null,0.0001,FFD,0.01102767268109321,0.002707987634535215,0.014064821257013554,8.911473514672252e-08,True
mach,M1.00-1.10,1.0,1.1,1.05,0.1,detached,2.0,0.025,null,0.0001,Linear,0.02611915002552708,0.0069790771664950116,0.03345334159995008,8.911473514672252e-08,True
mach,M1.10-1.20,1.1,1.2,1.15,0.1,detached,2.0,0.025,SBsquared_exact+ffd,0.0001,BaryCDI,0.01122351736959366,0.002799497752328876,0.014139401609043105,9.957942381788598e-08,True
mach,M1.10-1.20,1.1,1.2,1.15,0.1,detached,2.0,0.025,SBsquared_exact+ffd,0.0001,FFD,0.008986797180850945,0.0022727132886835224,0.01139871554717254,9.957942381788598e-08,True
mach,M1.10-1.20,1.1,1.2,1.15,0.1,detached,2.0,0.025,SBsquared_exact+ffd,0.0001,Linear,0.02073581329481054,0.006045374245227265,0.027046136145726145,9.957942381788598e-08,True
mach,M1.10-1.20,1.1,1.2,1.15,0.1,detached,2.0,0.025,ffd,0.0001,BaryCDI,0.01170161235367133,0.0029512588628361424,0.014819978821976545,9.887126850571804e-08,True
mach,M1.10-1.20,1.1,1.2,1.15,0.1,detached,2.0,0.025,ffd,0.0001,FFD,0.008986797180850945,0.0022727132886835224,0.01139871554717254,9.887126850571804e-08,True
mach,M1.10-1.20,1.1,1.2,1.15,0.1,detached,2.0,0.025,ffd,0.0001,Linear,0.02073581329481054,0.006045374245227265,0.027046136145726145,9.887126850571804e-08,True
mach,M1.10-1.20,1.1,1.2,1.15,0.1,detached,2.0,0.025,null,0.0001,BaryCDI,0.011885018415339779,0.0028750842566868215,0.014987586124548237,1.1031468346800466e-05,False
mach,M1.10-1.20,1.1,1.2,1.15,0.1,detached,2.0,0.025,null,0.0001,FFD,0.008986797180850945,0.0022727132886835224,0.01139871554717254,1.1031468346800466e-05,False
mach,M1.10-1.20,1.1,1.2,1.15,0.1,detached,2.0,0.025,null,0.0001,Linear,0.02073581329481054,0.006045374245227265,0.027046136145726145,1.1031468346800466e-05,False
mach,M1.20-1.30,1.2,1.3,1.25,0.1,attached,2.0,0.025,SBsquared_exact+ffd,0.0001,BaryCDI,0.010201668154481973,0.0025332991744889807,0.012903498392400709,9.964774250192932e-08,True
mach,M1.20-1.30,1.2,1.3,1.25,0.1,attached,2.0,0.025,SBsquared_exact+ffd,0.0001,FFD,0.006856411882313143,0.0017249671337775986,0.008797462518679784,9.964774250192932e-08,True
mach,M1.20-1.30,1.2,1.3,1.25,0.1,attached,2.0,0.025,SBsquared_exact+ffd,0.0001,Linear,0.016229196652892946,0.004863624549393683,0.02142794319381672,9.964774250192932e-08,True
mach,M1.20-1.30,1.2,1.3,1.25,0.1,attached,2.0,0.025,ffd,0.0001,BaryCDI,0.010349864001353007,0.0025123132701196206,0.012932871557508852,9.181223248333481e-08,True
mach,M1.20-1.30,1.2,1.3,1.25,0.1,attached,2.0,0.025,ffd,0.0001,FFD,0.006856411882313143,0.0017249671337775986,0.008797462518679784,9.181223248333481e-08,True
mach,M1.20-1.30,1.2,1.3,1.25,0.1,attached,2.0,0.025,ffd,0.0001,Linear,0.016229196652892946,0.004863624549393683,0.02142794319381672,9.181223248333481e-08,True
mach,M1.20-1.30,1.2,1.3,1.25,0.1,attached,2.0,0.025,null,0.0001,BaryCDI,0.011351104792872636,0.0037734000154989087,0.016336383409844595,0.17708693848305757,False
mach,M1.20-1.30,1.2,1.3,1.25,0.1,attached,2.0,0.025,null,0.0001,FFD,0.006856411882313143,0.0017249671337775986,0.008797462518679784,0.17708693848305757,False
mach,M1.20-1.30,1.2,1.3,1.25,0.1,attached,2.0,0.025,null,0.0001,Linear,0.016229196652892946,0.004863624549393683,0.02142794319381672,0.17708693848305757,False
mach,M1.30-1.40,1.3,1.4,1.35,0.1,attached,2.0,0.025,SBsquared_exact+ffd,0.0001,BaryCDI,0.008231800500947885,0.0024759398168677305,0.011094367043291179,9.364173791936992e-08,True
mach,M1.30-1.40,1.3,1.4,1.35,0.1,attached,2.0,0.025,SBsquared_exact+ffd,0.0001,FFD,0.004515085349867569,0.0011528992655979564,0.006028022255171596,9.364173791936992e-08,True
mach,M1.30-1.40,1.3,1.4,1.35,0.1,attached,2.0,0.025,SBsquared_exact+ffd,0.0001,Linear,0.011736886801990828,0.003676790043961964,0.015747267447394433,9.364173791936992e-08,True
mach,M1.30-1.40,1.3,1.4,1.35,0.1,attached,2.0,0.025,ffd,0.0001,BaryCDI,0.008357726750105703,0.002412049799164248,0.011118314837430454,9.607452966520214e-08,True
mach,M1.30-1.40,1.3,1.4,1.35,0.1,attached,2.0,0.025,ffd,0.0001,FFD,0.004515085349867569,0.0011528992655979564,0.006028022255171596,9.607452966520214e-08,True
mach,M1.30-1.40,1.3,1.4,1.35,0.1,attached,2.0,0.025,ffd,0.0001,Linear,0.011736886801990828,0.003676790043961964,0.015747267447394433,9.607452966520214e-08,True
mach,M1.30-1.40,1.3,1.4,1.35,0.1,attached,2.0,0.025,null,0.0001,BaryCDI,0.008356260940028979,0.002377467406567466,0.01108934248511705,3.1110923259802803e-07,False
mach,M1.30-1.40,1.3,1.4,1.35,0.1,attached,2.0,0.025,null,0.0001,FFD,0.004515085349867569,0.0011528992655979564,0.006028022255171596,3.1110923259802803e-07,False
mach,M1.30-1.40,1.3,1.4,1.35,0.1,attached,2.0,0.025,null,0.0001,Linear,0.011736886801990828,0.003676790043961964,0.015747267447394433,3.1110923259802803e-07,False
mach,M1.30-1.40,1.3,1.4,1.35,0.1,attached,2.0,0.025,oblique,0.0001,BaryCDI,0.008802931735811054,0.0026167811383983257,0.011780615782813886,3.581996999457715e-06,False
mach,M1.30-1.40,1.3,1.4,1.35,0.1,attached,2.0,0.025,oblique,0.0001,FFD,0.004515085349867569,0.0011528992655979564,0.006028022255171596,3.581996999457715e-06,False
mach,M1.30-1.40,1.3,1.4,1.35,0.1,attached,2.0,0.025,oblique,0.0001,Linear,0.011736886801990828,0.003676790043961964,0.015747267447394433,3.581996999457715e-06,False
mach,M1.40-1.50,1.4,1.5,1.45,0.1,attached,2.0,0.025,SBsquared_exact+ffd,0.0001,BaryCDI,0.004949318246148095,0.0016235934027520869,0.006757547112167758,9.974299075565796e-08,True
mach,M1.40-1.50,1.4,1.5,1.45,0.1,attached,2.0,0.025,SBsquared_exact+ffd,0.0001,FFD,0.0031561961950036114,0.000761927264738246,0.004011581348488035,9.974299075565796e-08,True
mach,M1.40-1.50,1.4,1.5,1.45,0.1,attached,2.0,0.025,SBsquared_exact+ffd,0.0001,Linear,0.007631559547981898,0.002481558945672048,0.01042912630278736,9.974299075565796e-08,True
mach,M1.40-1.50,1.4,1.5,1.45,0.1,attached,2.0,0.025,ffd,0.0001,BaryCDI,0.005256245997052794,0.001655010926909173,0.007090964134248115,9.979700621443044e-08,True
mach,M1.40-1.50,1.4,1.5,1.45,0.1,attached,2.0,0.025,ffd,0.0001,FFD,0.0031561961950036114,0.000761927264738246,0.004011581348488035,9.979700621443044e-08,True
mach,M1.40-1.50,1.4,1.5,1.45,0.1,attached,2.0,0.025,ffd,0.0001,Linear,0.007631559547981898,0.002481558945672048,0.01042912630278736,9.979700621443044e-08,True
mach,M1.40-1.50,1.4,1.5,1.45,0.1,attached,2.0,0.025,null,0.0001,BaryCDI,0.004969927887067743,0.0015861532826773597,0.006733829037731083,4.955072014922735e-07,False
mach,M1.40-1.50,1.4,1.5,1.45,0.1,attached,2.0,0.025,null,0.0001,FFD,0.0031561961950036114,0.000761927264738246,0.004011581348488035,4.955072014922735e-07,False
mach,M1.40-1.50,1.4,1.5,1.45,0.1,attached,2.0,0.025,null,0.0001,Linear,0.007631559547981898,0.002481558945672048,0.01042912630278736,4.955072014922735e-07,False
mach,M1.40-1.50,1.4,1.5,1.45,0.1,attached,2.0,0.025,oblique,0.0001,BaryCDI,0.005056088421703984,0.001613164598838684,0.006859644359481772,8.945237439661469e-08,True
mach,M1.40-1.50,1.4,1.5,1.45,0.1,attached,2.0,0.025,oblique,0.0001,FFD,0.0031561961950036114,0.000761927264738246,0.004011581348488035,8.945237439661469e-08,True
mach,M1.40-1.50,1.4,1.5,1.45,0.1,attached,2.0,0.025,oblique,0.0001,Linear,0.007631559547981898,0.002481558945672048,0.01042912630278736,8.945237439661469e-08,True
mach,M1.50-1.60,1.5,1.6,1.55,0.1,attached,2.0,0.025,SBsquared_exact+ffd,0.0001,BaryCDI,0.0037255266272085944,0.0008555843065803564,0.004657080342361773,9.275900936245307e-08,True
mach,M1.50-1.60,1.5,1.6,1.55,0.1,attached,2.0,0.025,SBsquared_exact+ffd,0.0001,FFD,0.0020796558806369723,0.00026798557286995936,0.0023421332578972783,9.275900936245307e-08,True
mach,M1.50-1.60,1.5,1.6,1.55,0.1,attached,2.0,0.025,SBsquared_exact+ffd,0.0001,Linear,0.005249116742315684,0.0017209650373967206,0.007208482541333486,9.275900936245307e-08,True
mach,M1.50-1.60,1.5,1.6,1.55,0.1,attached,2.0,0.025,ffd,0.0001,BaryCDI,0.004144426843484708,0.0010420833849602194,0.005295408647010844,1.5543650988547597e-07,False
mach,M1.50-1.60,1.5,1.6,1.55,0.1,attached,2.0,0.025,ffd,0.0001,FFD,0.0020796558806369723,0.00026798557286995936,0.0023421332578972783,1.5543650988547597e-07,False
mach,M1.50-1.60,1.5,1.6,1.55,0.1,attached,2.0,0.025,ffd,0.0001,Linear,0.005249116742315684,0.0017209650373967206,0.007208482541333486,1.5543650988547597e-07,False
mach,M1.50-1.60,1.5,1.6,1.55,0.1,attached,2.0,0.025,null,0.0001,BaryCDI,0.0038898899191862992,0.000967020275080759,0.004910198202549939,4.95833753877406e-06,False
mach,M1.50-1.60,1.5,1.6,1.55,0.1,attached,2.0,0.025,null,0.0001,FFD,0.0020796558806369723,0.00026798557286995936,0.0023421332578972783,4.95833753877406e-06,False
mach,M1.50-1.60,1.5,1.6,1.55,0.1,attached,2.0,0.025,null,0.0001,Linear,0.005249116742315684,0.0017209650373967206,0.007208482541333486,4.95833753877406e-06,False
mach,M1.50-1.60,1.5,1.6,1.55,0.1,attached,2.0,0.025,oblique,0.0001,BaryCDI,0.0037496276307650775,0.0009875997880753528,0.004815341275197345,9.893554864248699e-08,True
mach,M1.50-1.60,1.5,1.6,1.55,0.1,attached,2.0,0.025,oblique,0.0001,FFD,0.0020796558806369723,0.00026798557286995936,0.0023421332578972783,9.893554864248699e-08,True
mach,M1.50-1.60,1.5,1.6,1.55,0.1,attached,2.0,0.025,oblique,0.0001,Linear,0.005249116742315684,0.0017209650373967206,0.007208482541333486,9.893554864248699e-08,True
mach,M1.60-1.70,1.6,1.7,1.65,0.1,attached,2.0,0.025,SBsquared_exact+ffd,0.0001,BaryCDI,0.002506340185117697,0.0005801614477442909,0.0032145491544049104,1.958009093527835e-06,False
mach,M1.60-1.70,1.6,1.7,1.65,0.1,attached,2.0,0.025,SBsquared_exact+ffd,0.0001,FFD,0.0017190923762659494,0.0002981128084384161,0.0019438922369198492,1.958009093527835e-06,False
mach,M1.60-1.70,1.6,1.7,1.65,0.1,attached,2.0,0.025,SBsquared_exact+ffd,0.0001,Linear,0.003909597011438035,0.0012835305841784482,0.005372830329079253,1.958009093527835e-06,False
mach,M1.60-1.70,1.6,1.7,1.65,0.1,attached,2.0,0.025,ffd,0.0001,BaryCDI,0.0027537973062464974,0.0007223793642238737,0.003502199716118912,3.799128194259538e-07,False
mach,M1.60-1.70,1.6,1.7,1.65,0.1,attached,2.0,0.025,ffd,0.0001,FFD,0.0017190923762659494,0.0002981128084384161,0.0019438922369198492,3.799128194259538e-07,False
mach,M1.60-1.70,1.6,1.7,1.65,0.1,attached,2.0,0.025,ffd,0.0001,Linear,0.003909597011438035,0.0012835305841784482,0.005372830329079253,3.799128194259538e-07,False
mach,M1.60-1.70,1.6,1.7,1.65,0.1,attached,2.0,0.025,null,0.0001,BaryCDI,0.002653259256838301,0.0006420134649143465,0.0033030218397726054,0.00013326121035817096,False
mach,M1.60-1.70,1.6,1.7,1.65,0.1,attached,2.0,0.025,null,0.0001,FFD,0.0017190923762659494,0.0002981128084384161,0.0019438922369198492,0.00013326121035817096,False
mach,M1.60-1.70,1.6,1.7,1.65,0.1,attached,2.0,0.025,null,0.0001,Linear,0.003909597011438035,0.0012835305841784482,0.005372830329079253,0.00013326121035817096,False
mach,M1.60-1.70,1.6,1.7,1.65,0.1,attached,2.0,0.025,oblique,0.0001,BaryCDI,0.0025967295827740208,0.0006642824989913442,0.0032771986814334767,2.245855490912163e-06,False
mach,M1.60-1.70,1.6,1.7,1.65,0.1,attached,2.0,0.025,oblique,0.0001,FFD,0.0017190923762659494,0.0002981128084384161,0.0019438922369198492,2.245855490912163e-06,False
mach,M1.60-1.70,1.6,1.7,1.65,0.1,attached,2.0,0.025,oblique,0.0001,Linear,0.003909597011438035,0.0012835305841784482,0.005372830329079253,2.245855490912163e-06,False
mach,M1.70-1.80,1.7,1.8,1.75,0.1,attached,2.0,0.025,SBsquared_exact+ffd,0.0001,BaryCDI,0.0017814084239800398,0.0004852043757626983,0.0023515357828499377,4.225959113313138e-06,False
mach,M1.70-1.80,1.7,1.8,1.75,0.1,attached,2.0,0.025,SBsquared_exact+ffd,0.0001,FFD,0.0014572987577748634,0.0002593661772573406,0.0017011346971440842,4.225959113313138e-06,False
mach,M1.70-1.80,1.7,1.8,1.75,0.1,attached,2.0,0.025,SBsquared_exact+ffd,0.0001,Linear,0.00309799529753537,0.001048971659894096,0.004306182236627762,4.225959113313138e-06,False
mach,M1.70-1.80,1.7,1.8,1.75,0.1,attached,2.0,0.025,ffd,0.0001,BaryCDI,0.0021628382920867084,0.0006310029371118889,0.0029342337957871632,1.7086597381421598e-07,False
mach,M1.70-1.80,1.7,1.8,1.75,0.1,attached,2.0,0.025,ffd,0.0001,FFD,0.0014572987577748634,0.0002593661772573406,0.0017011346971440842,1.7086597381421598e-07,False
mach,M1.70-1.80,1.7,1.8,1.75,0.1,attached,2.0,0.025,ffd,0.0001,Linear,0.00309799529753537,0.001048971659894096,0.004306182236627762,1.7086597381421598e-07,False
mach,M1.70-1.80,1.7,1.8,1.75,0.1,attached,2.0,0.025,null,0.0001,BaryCDI,0.0020706571453957385,0.0005714382384794886,0.00273860531572229,3.8172414377868336e-05,False
mach,M1.70-1.80,1.7,1.8,1.75,0.1,attached,2.0,0.025,null,0.0001,FFD,0.0014572987577748634,0.0002593661772573406,0.0017011346971440842,3.8172414377868336e-05,False
mach,M1.70-1.80,1.7,1.8,1.75,0.1,attached,2.0,0.025,null,0.0001,Linear,0.00309799529753537,0.001048971659894096,0.004306182236627762,3.8172414377868336e-05,False
mach,M1.70-1.80,1.7,1.8,1.75,0.1,attached,2.0,0.025,oblique,0.0001,BaryCDI,0.0020075249395603845,0.0005628883140144126,0.0026720310223907443,9.54375281025932e-08,True
mach,M1.70-1.80,1.7,1.8,1.75,0.1,attached,2.0,0.025,oblique,0.0001,FFD,0.0014572987577748634,0.0002593661772573406,0.0017011346971440842,9.54375281025932e-08,True
mach,M1.70-1.80,1.7,1.8,1.75,0.1,attached,2.0,0.025,oblique,0.0001,Linear,0.00309799529753537,0.001048971659894096,0.004306182236627762,9.54375281025932e-08,True
mach,M1.80-1.90,1.8,1.9,1.85,0.1,attached,2.0,0.025,SBsquared_exact+ffd,0.0001,BaryCDI,0.0016979431777906448,0.0004546465890208234,0.0022023023924919133,3.0203597706446317e-05,False
mach,M1.80-1.90,1.8,1.9,1.85,0.1,attached,2.0,0.025,SBsquared_exact+ffd,0.0001,FFD,0.0013068720893423312,0.0002883080281972143,0.0016050571001626622,3.0203597706446317e-05,False
mach,M1.80-1.90,1.8,1.9,1.85,0.1,attached,2.0,0.025,SBsquared_exact+ffd,0.0001,Linear,0.002449895630398222,0.0008303081910074854,0.0034273043194347212,3.0203597706446317e-05,False
mach,M1.80-1.90,1.8,1.9,1.85,0.1,attached,2.0,0.025,ffd,0.0001,BaryCDI,0.001959707399109704,0.0005609066465920929,0.0026142982527462668,9.037707826564656e-08,True
mach,M1.80-1.90,1.8,1.9,1.85,0.1,attached,2.0,0.025,ffd,0.0001,FFD,0.0013068720893423312,0.0002883080281972143,0.0016050571001626622,9.037707826564656e-08,True
mach,M1.80-1.90,1.8,1.9,1.85,0.1,attached,2.0,0.025,ffd,0.0001,Linear,0.002449895630398222,0.0008303081910074854,0.0034273043194347212,9.037707826564656e-08,True
mach,M1.80-1.90,1.8,1.9,1.85,0.1,attached,2.0,0.025,null,0.0001,BaryCDI,0.0018111602840030008,0.0005192649397132683,0.0023918350417949383,5.678024706412543e-06,False
mach,M1.80-1.90,1.8,1.9,1.85,0.1,attached,2.0,0.025,null,0.0001,FFD,0.0013068720893423312,0.0002883080281972143,0.0016050571001626622,5.678024706412543e-06,False
mach,M1.80-1.90,1.8,1.9,1.85,0.1,attached,2.0,0.025,null,0.0001,Linear,0.002449895630398222,0.0008303081910074854,0.0034273043194347212,5.678024706412543e-06,False
mach,M1.80-1.90,1.8,1.9,1.85,0.1,attached,2.0,0.025,oblique,0.0001,BaryCDI,0.0017667116095209934,0.000491727187347178,0.002338102871108156,9.607840392611422e-06,False
mach,M1.80-1.90,1.8,1.9,1.85,0.1,attached,2.0,0.025,oblique,0.0001,FFD,0.0013068720893423312,0.0002883080281972143,0.0016050571001626622,9.607840392611422e-06,False
mach,M1.80-1.90,1.8,1.9,1.85,0.1,attached,2.0,0.025,oblique,0.0001,Linear,0.002449895630398222,0.0008303081910074854,0.0034273043194347212,9.607840392611422e-06,False
mach,M1.90-2.00,1.9,2.0,1.95,0.1,attached,2.0,0.025,SBsquared_exact+ffd,0.0001,BaryCDI,0.001393480261614893,0.000406780105030775,0.0018429172683109047,3.862953697009175e-05,False
mach,M1.90-2.00,1.9,2.0,1.95,0.1,attached,2.0,0.025,SBsquared_exact+ffd,0.0001,FFD,0.0011116997281029422,0.0003056265700158926,0.0014250333306599638,3.862953697009175e-05,False
mach,M1.90-2.00,1.9,2.0,1.95,0.1,attached,2.0,0.025,SBsquared_exact+ffd,0.0001,Linear,0.001796690738264775,0.0005836269955503585,0.002455437674770684,3.862953697009175e-05,False
mach,M1.90-2.00,1.9,2.0,1.95,0.1,attached,2.0,0.025,ffd,0.0001,BaryCDI,0.001415857509572591,0.00038680499445943226,0.0018923854600220113,1.240079191688892e-05,False
mach,M1.90-2.00,1.9,2.0,1.95,0.1,attached,2.0,0.025,ffd,0.0001,FFD,0.0011116997281029422,0.0003056265700158926,0.0014250333306599638,1.240079191688892e-05,False
mach,M1.90-2.00,1.9,2.0,1.95,0.1,attached,2.0,0.025,ffd,0.0001,Linear,0.001796690738264775,0.0005836269955503585,0.002455437674770684,1.240079191688892e-05,False
mach,M1.90-2.00,1.9,2.0,1.95,0.1,attached,2.0,0.025,null,0.0001,BaryCDI,0.0012977185741523522,0.0003771245836847967,0.001698491146818473,6.613433559010673e-06,False
mach,M1.90-2.00,1.9,2.0,1.95,0.1,attached,2.0,0.025,null,0.0001,FFD,0.0011116997281029422,0.0003056265700158926,0.0014250333306599638,6.613433559010673e-06,False
mach,M1.90-2.00,1.9,2.0,1.95,0.1,attached,2.0,0.025,null,0.0001,Linear,0.001796690738264775,0.0005836269955503585,0.002455437674770684,6.613433559010673e-06,False
mach,M1.90-2.00,1.9,2.0,1.95,0.1,attached,2.0,0.025,oblique,0.0001,BaryCDI,0.0013005054377571714,0.0003441529444670372,0.0016343740781918773,2.9126811966762034e-05,False
mach,M1.90-2.00,1.9,2.0,1.95,0.1,attached,2.0,0.025,oblique,0.0001,FFD,0.0011116997281029422,0.0003056265700158926,0.0014250333306599638,2.9126811966762034e-05,False
mach,M1.90-2.00,1.9,2.0,1.95,0.1,attached,2.0,0.025,oblique,0.0001,Linear,0.001796690738264775,0.0005836269955503585,0.002455437674770684,2.9126811966762034e-05,False
mach,M2.00-2.10,2.0,2.1,2.05,0.1,attached,2.0,0.025,SBsquared_exact+ffd,0.0001,BaryCDI,0.001127922723225241,0.00032221612651875257,0.0014750502842147534,3.998969194896063e-06,False
mach,M2.00-2.10,2.0,2.1,2.05,0.1,attached,2.0,0.025,SBsquared_exact+ffd,0.0001,FFD,0.0009626182938106629,0.0002527334502131505,0.0012290301424423137,3.998969194896063e-06,False
mach,M2.00-2.10,2.0,2.1,2.05,0.1,attached,2.0,0.025,SBsquared_exact+ffd,0.0001,Linear,0.0014772655906225283,0.00048355090502191566,0.002041346990039162,3.998969194896063e-06,False
mach,M2.00-2.10,2.0,2.1,2.05,0.1,attached,2.0,0.025,ffd,0.0001,BaryCDI,0.0010990755878432963,0.0002720662161282831,0.001369423299050386,4.712917532856409e-05,False
mach,M2.00-2.10,2.0,2.1,2.05,0.1,attached,2.0,0.025,ffd,0.0001,FFD,0.0009626182938106629,0.0002527334502131505,0.0012290301424423137,4.712917532856409e-05,False
mach,M2.00-2.10,2.0,2.1,2.05,0.1,attached,2.0,0.025,ffd,0.0001,Linear,0.0014772655906225283,0.00048355090502191566,0.002041346990039162,4.712917532856409e-05,False
mach,M2.00-2.10,2.0,2.1,2.05,0.1,attached,2.0,0.025,null,0.0001,BaryCDI,0.00105710428088357,0.0003023120636434617,0.001391601951999256,1.404372852675806e-06,False
mach,M2.00-2.10,2.0,2.1,2.05,0.1,attached,2.0,0.025,null,0.0001,FFD,0.0009626182938106629,0.0002527334502131505,0.0012290301424423137,1.404372852675806e-06,False
mach,M2.00-2.10,2.0,2.1,2.05,0.1,attached,2.0,0.025,null,0.0001,Linear,0.0014772655906225283,0.00048355090502191566,0.002041346990039162,1.404372852675806e-06,False
mach,M2.00-2.10,2.0,2.1,2.05,0.1,attached,2.0,0.025,oblique,0.0001,BaryCDI,0.0010737815843377084,0.00028452630227746863,0.0013641346002980649,5.4224272290070985e-06,False
mach,M2.00-2.10,2.0,2.1,2.05,0.1,attached,2.0,0.025,oblique,0.0001,FFD,0.0009626182938106629,0.0002527334502131505,0.0012290301424423137,5.4224272290070985e-06,False
mach,M2.00-2.10,2.0,2.1,2.05,0.1,attached,2.0,0.025,oblique,0.0001,Linear,0.0014772655906225283,0.00048355090502191566,0.002041346990039162,5.4224272290070985e-06,False
mach,M2.10-2.20,2.1,2.2,2.1500000000000004,0.1,attached,2.0,0.025,SBsquared_exact+ffd,0.0001,BaryCDI,0.0010361388340283698,0.00029582355827578467,0.0013470695914704655,2.4252764028176443e-06,False
mach,M2.10-2.20,2.1,2.2,2.1500000000000004,0.1,attached,2.0,0.025,SBsquared_exact+ffd,0.0001,FFD,0.0008232707615389563,0.0002154061210858692,0.0010377511169001453,2.4252764028176443e-06,False
mach,M2.10-2.20,2.1,2.2,2.1500000000000004,0.1,attached,2.0,0.025,SBsquared_exact+ffd,0.0001,Linear,0.001184040027011774,0.00037146772727038714,0.0015999457982086129,2.4252764028176443e-06,False
mach,M2.10-2.20,2.1,2.2,2.1500000000000004,0.1,attached,2.0,0.025,ffd,0.0001,BaryCDI,0.0010533750428043831,0.00028884888099624625,0.0014410747133491318,1.4510004632484197e-05,False
mach,M2.10-2.20,2.1,2.2,2.1500000000000004,0.1,attached,2.0,0.025,ffd,0.0001,FFD,0.0008232707615389563,0.0002154061210858692,0.0010377511169001453,1.4510004632484197e-05,False
mach,M2.10-2.20,2.1,2.2,2.1500000000000004,0.1,attached,2.0,0.025,ffd,0.0001,Linear,0.001184040027011774,0.00037146772727038714,0.0015999457982086129,1.4510004632484197e-05,False
mach,M2.10-2.20,2.1,2.2,2.1500000000000004,0.1,attached,2.0,0.025,null,0.0001,BaryCDI,0.0009283094530894939,0.00025373298976250834,0.0011956595345913468,4.460567202357879e-05,False
mach,M2.10-2.20,2.1,2.2,2.1500000000000004,0.1,attached,2.0,0.025,null,0.0001,FFD,0.0008232707615389563,0.0002154061210858692,0.0010377511169001453,4.460567202357879e-05,False
mach,M2.10-2.20,2.1,2.2,2.1500000000000004,0.1,attached,2.0,0.025,null,0.0001,Linear,0.001184040027011774,0.00037146772727038714,0.0015999457982086129,4.460567202357879e-05,False
mach,M2.10-2.20,2.1,2.2,2.1500000000000004,0.1,attached,2.0,0.025,oblique,0.0001,BaryCDI,0.0009403262193127136,0.0002541341805861445,0.0011987641359150756,1.5097626359761307e-05,False
mach,M2.10-2.20,2.1,2.2,2.1500000000000004,0.1,attached,2.0,0.025,oblique,0.0001,FFD,0.0008232707615389563,0.0002154061210858692,0.0010377511169001453,1.5097626359761307e-05,False
mach,M2.10-2.20,2.1,2.2,2.1500000000000004,0.1,attached,2.0,0.025,oblique,0.0001,Linear,0.001184040027011774,0.00037146772727038714,0.0015999457982086129,1.5097626359761307e-05,False
mach,M2.20-2.30,2.2,2.3,2.25,0.1,attached,2.0,0.025,SBsquared_exact+ffd,0.0001,BaryCDI,0.0009069216459651631,0.00023933700152795574,0.0011454605051286102,5.7142317483993565e-05,False
mach,M2.20-2.30,2.2,2.3,2.25,0.1,attached,2.0,0.025,SBsquared_exact+ffd,0.0001,FFD,0.0008360841153888386,0.00021910855011010352,0.0010496832067140673,5.7142317483993565e-05,False
mach,M2.20-2.30,2.2,2.3,2.25,0.1,attached,2.0,0.025,SBsquared_exact+ffd,0.0001,Linear,0.00099501690305233,0.0003191056852734707,0.001356152500698732,5.7142317483993565e-05,False
mach,M2.20-2.30,2.2,2.3,2.25,0.1,attached,2.0,0.025,ffd,0.0001,BaryCDI,0.0008986688526928298,0.00024094613307496402,0.001148658624155288,5.2186675048915276e-05,False
mach,M2.20-2.30,2.2,2.3,2.25,0.1,attached,2.0,0.025,ffd,0.0001,FFD,0.0008360841153888386,0.00021910855011010352,0.0010496832067140673,5.2186675048915276e-05,False
mach,M2.20-2.30,2.2,2.3,2.25,0.1,attached,2.0,0.025,ffd,0.0001,Linear,0.00099501690305233,0.0003191056852734707,0.001356152500698732,5.2186675048915276e-05,False
mach,M2.20-2.30,2.2,2.3,2.25,0.1,attached,2.0,0.025,null,0.0001,BaryCDI,0.0008725815321570381,0.00022993749643556894,0.0011070189371783575,9.704202980742593e-06,False
mach,M2.20-2.30,2.2,2.3,2.25,0.1,attached,2.0,0.025,null,0.0001,FFD,0.0008360841153888386,0.00021910855011010352,0.0010496832067140673,9.704202980742593e-06,False
mach,M2.20-2.30,2.2,2.3,2.25,0.1,attached,2.0,0.025,null,0.0001,Linear,0.00099501690305233,0.0003191056852734707,0.001356152500698732,9.704202980742593e-06,False
mach,M2.20-2.30,2.2,2.3,2.25,0.1,attached,2.0,0.025,oblique,0.0001,BaryCDI,0.0008410808593735934,0.00021830070943338155,0.0010624560365890764,6.987116165646512e-06,False
mach,M2.20-2.30,2.2,2.3,2.25,0.1,attached,2.0,0.025,oblique,0.0001,FFD,0.0008360841153888386,0.00021910855011010352,0.0010496832067140673,6.987116165646512e-06,False
mach,M2.20-2.30,2.2,2.3,2.25,0.1,attached,2.0,0.025,oblique,0.0001,Linear,0.00099501690305233,0.0003191056852734707,0.001356152500698732,6.987116165646512e-06,False
mach,M2.30-2.40,2.3,2.4,2.3499999999999996,0.1,attached,2.0,0.025,SBsquared_exact+ffd,0.0001,BaryCDI,0.000871606475154764,0.0002609613714142634,0.001154353179782074,1.5643816198007698e-07,False
mach,M2.30-2.40,2.3,2.4,2.3499999999999996,0.1,attached,2.0,0.025,SBsquared_exact+ffd,0.0001,FFD,0.0007702471966833858,0.00023077152945244839,0.001025357520839172,1.5643816198007698e-07,False
mach,M2.30-2.40,2.3,2.4,2.3499999999999996,0.1,attached,2.0,0.025,SBsquared_exact+ffd,0.0001,Linear,0.0008347970985966215,0.0002735055715279691,0.0011516599834200754,1.5643816198007698e-07,False
mach,M2.30-2.40,2.3,2.4,2.3499999999999996,0.1,attached,2.0,0.025,ffd,0.0001,BaryCDI,0.0009374591745959898,0.0002787072169445793,0.001247800688067233,9.936877631844254e-08,True
mach,M2.30-2.40,2.3,2.4,2.3499999999999996,0.1,attached,2.0,0.025,ffd,0.0001,FFD,0.0007702471966833858,0.00023077152945244839,0.001025357520839172,9.936877631844254e-08,True
mach,M2.30-2.40,2.3,2.4,2.3499999999999996,0.1,attached,2.0,0.025,ffd,0.0001,Linear,0.0008347970985966215,0.0002735055715279691,0.0011516599834200754,9.936877631844254e-08,True
mach,M2.30-2.40,2.3,2.4,2.3499999999999996,0.1,attached,2.0,0.025,null,0.0001,BaryCDI,0.003969658649743671,0.003098724109021501,0.00905292575757812,0.0007722333724586861,False
mach,M2.30-2.40,2.3,2.4,2.3499999999999996,0.1,attached,2.0,0.025,null,0.0001,FFD,0.0007702471966833858,0.00023077152945244839,0.001025357520839172,0.0007722333724586861,False
mach,M2.30-2.40,2.3,2.4,2.3499999999999996,0.1,attached,2.0,0.025,null,0.0001,Linear,0.0008347970985966215,0.0002735055715279691,0.0011516599834200754,0.0007722333724586861,False
mach,M2.30-2.40,2.3,2.4,2.3499999999999996,0.1,attached,2.0,0.025,oblique,0.0001,BaryCDI,0.0008293355794428593,0.00024444392761550145,0.0010903315354238079,2.0945316236975486e-07,False
mach,M2.30-2.40,2.3,2.4,2.3499999999999996,0.1,attached,2.0,0.025,oblique,0.0001,FFD,0.0007702471966833858,0.00023077152945244839,0.001025357520839172,2.0945316236975486e-07,False
mach,M2.30-2.40,2.3,2.4,2.3499999999999996,0.1,attached,2.0,0.025,oblique,0.0001,Linear,0.0008347970985966215,0.0002735055715279691,0.0011516599834200754,2.0945316236975486e-07,False
mach,M2.40-2.50,2.4,2.5,2.45,0.1,attached,2.0,0.025,SBsquared_exact+ffd,0.0001,BaryCDI,0.0008704267376118035,0.0002536585722892639,0.0011468698518737317,9.210525853120544e-08,True
mach,M2.40-2.50,2.4,2.5,2.45,0.1,attached,2.0,0.025,SBsquared_exact+ffd,0.0001,FFD,0.0007352942026786398,0.00020300517374697072,0.0009466294808091075,9.210525853120544e-08,True
mach,M2.40-2.50,2.4,2.5,2.45,0.1,attached,2.0,0.025,SBsquared_exact+ffd,0.0001,Linear,0.0006177284714640725,0.00018959621574033138,0.0008311923714017804,9.210525853120544e-08,True
mach,M2.40-2.50,2.4,2.5,2.45,0.1,attached,2.0,0.025,ffd,0.0001,BaryCDI,0.0007486877325262094,0.0002046748632520095,0.0009591529457605735,9.983779669653359e-08,True
mach,M2.40-2.50,2.4,2.5,2.45,0.1,attached,2.0,0.025,ffd,0.0001,FFD,0.0007352942026786398,0.00020300517374697072,0.0009466294808091075,9.983779669653359e-08,True
mach,M2.40-2.50,2.4,2.5,2.45,0.1,attached,2.0,0.025,ffd,0.0001,Linear,0.0006177284714640725,0.00018959621574033138,0.0008311923714017804,9.983779669653359e-08,True
mach,M2.40-2.50,2.4,2.5,2.45,0.1,attached,2.0,0.025,null,0.0001,BaryCDI,0.0007474229859650191,0.000213371189765594,0.0009784204347905744,0.9564831592098813,False
mach,M2.40-2.50,2.4,2.5,2.45,0.1,attached,2.0,0.025,null,0.0001,FFD,0.0007352942026786398,0.00020300517374697072,0.0009466294808091075,0.9564831592098813,False
mach,M2.40-2.50,2.4,2.5,2.45,0.1,attached,2.0,0.025,null,0.0001,Linear,0.0006177284714640725,0.00018959621574033138,0.0008311923714017804,0.9564831592098813,False
mach,M2.40-2.50,2.4,2.5,2.45,0.1,attached,2.0,0.025,oblique,0.0001,BaryCDI,0.0007559479350943615,0.0002142808214752525,0.0009888701325172387,1.1819008136626508e-06,False
mach,M2.40-2.50,2.4,2.5,2.45,0.1,attached,2.0,0.025,oblique,0.0001,FFD,0.0007352942026786398,0.00020300517374697072,0.0009466294808091075,1.1819008136626508e-06,False
mach,M2.40-2.50,2.4,2.5,2.45,0.1,attached,2.0,0.025,oblique,0.0001,Linear,0.0006177284714640725,0.00018959621574033138,0.0008311923714017804,1.1819008136626508e-06,False
mach,M2.50-2.60,2.5,2.6,2.55,0.1,attached,2.0,0.025,SBsquared_exact+ffd,0.0001,BaryCDI,0.0007948276451945537,0.00023518225248815244,0.001069884624515737,8.034521492561453e-08,True
mach,M2.50-2.60,2.5,2.6,2.55,0.1,attached,2.0,0.025,SBsquared_exact+ffd,0.0001,FFD,0.0006903486917168708,0.00019790784135156132,0.0009125801029296095,8.034521492561453e-08,True
mach,M2.50-2.60,2.5,2.6,2.55,0.1,attached,2.0,0.025,SBsquared_exact+ffd,0.0001,Linear,0.0005229949727644438,0.00015022294410709772,0.0006988972657569995,8.034521492561453e-08,True
mach,M2.50-2.60,2.5,2.6,2.55,0.1,attached,2.0,0.025,ffd,0.0001,BaryCDI,0.0008209619818888166,0.00021261812997938332,0.0010356944843252507,7.625319736748182e-07,False
mach,M2.50-2.60,2.5,2.6,2.55,0.1,attached,2.0,0.025,ffd,0.0001,FFD,0.0006903486917168708,0.00019790784135156132,0.0009125801029296095,7.625319736748182e-07,False
mach,M2.50-2.60,2.5,2.6,2.55,0.1,attached,2.0,0.025,ffd,0.0001,Linear,0.0005229949727644438,0.00015022294410709772,0.0006988972657569995,7.625319736748182e-07,False
mach,M2.50-2.60,2.5,2.6,2.55,0.1,attached,2.0,0.025,null,0.0001,BaryCDI,0.0006533438671779363,0.00018857717827188453,0.0008673180297977583,0.654632586627315,False
mach,M2.50-2.60,2.5,2.6,2.55,0.1,attached,2.0,0.025,null,0.0001,FFD,0.0006903486917168708,0.00019790784135156132,0.0009125801029296095,0.654632586627315,False
mach,M2.50-2.60,2.5,2.6,2.55,0.1,attached,2.0,0.025,null,0.0001,Linear,0.0005229949727644438,0.00015022294410709772,0.0006988972657569995,0.654632586627315,False
mach,M2.50-2.60,2.5,2.6,2.55,0.1,attached,2.0,0.025,oblique,0.0001,BaryCDI,0.0007269770460316037,0.00020959284295117843,0.0009581220944925004,2.7945218903369096e-06,False
mach,M2.50-2.60,2.5,2.6,2.55,0.1,attached,2.0,0.025,oblique,0.0001,FFD,0.0006903486917168708,0.00019790784135156132,0.0009125801029296095,2.7945218903369096e-06,False
mach,M2.50-2.60,2.5,2.6,2.55,0.1,attached,2.0,0.025,oblique,0.0001,Linear,0.0005229949727644438,0.00015022294410709772,0.0006988972657569995,2.7945218903369096e-06,False
mach,M2.60-2.70,2.6,2.7,2.6500000000000004,0.1,attached,2.0,0.025,SBsquared_exact+ffd,0.0001,BaryCDI,0.0009072880957331002,0.00029593416484353,0.0012449392210029354,2.184466854160405e-05,False
mach,M2.60-2.70,2.6,2.7,2.6500000000000004,0.1,attached,2.0,0.025,SBsquared_exact+ffd,0.0001,FFD,0.000636320554892632,0.00018885112809029407,0.0008495333515547486,2.184466854160405e-05,False
mach,M2.60-2.70,2.6,2.7,2.6500000000000004,0.1,attached,2.0,0.025,SBsquared_exact+ffd,0.0001,Linear,0.000429904083900327,0.00012851969067456467,0.0005780560498346729,2.184466854160405e-05,False
mach,M2.60-2.70,2.6,2.7,2.6500000000000004,0.1,attached,2.0,0.025,ffd,0.0001,BaryCDI,0.0008311269999814836,0.0002756496085134761,0.0011564940973093204,3.076104836452487e-05,False
mach,M2.60-2.70,2.6,2.7,2.6500000000000004,0.1,attached,2.0,0.025,ffd,0.0001,FFD,0.000636320554892632,0.00018885112809029407,0.0008495333515547486,3.076104836452487e-05,False
mach,M2.60-2.70,2.6,2.7,2.6500000000000004,0.1,attached,2.0,0.025,ffd,0.0001,Linear,0.000429904083900327,0.00012851969067456467,0.0005780560498346729,3.076104836452487e-05,False
mach,M2.60-2.70,2.6,2.7,2.6500000000000004,0.1,attached,2.0,0.025,null,0.0001,BaryCDI,0.0006305567097218028,0.00019271574043184823,0.0008521407394724578,3.87688436731537e-06,False
mach,M2.60-2.70,2.6,2.7,2.6500000000000004,0.1,attached,2.0,0.025,null,0.0001,FFD,0.000636320554892632,0.00018885112809029407,0.0008495333515547486,3.87688436731537e-06,False
mach,M2.60-2.70,2.6,2.7,2.6500000000000004,0.1,attached,2.0,0.025,null,0.0001,Linear,0.000429904083900327,0.00012851969067456467,0.0005780560498346729,3.87688436731537e-06,False
mach,M2.60-2.70,2.6,2.7,2.6500000000000004,0.1,attached,2.0,0.025,oblique,0.0001,BaryCDI,0.0006355266065402483,0.00019259834920625944,0.0008486599205104116,0.0007352120657699857,False
mach,M2.60-2.70,2.6,2.7,2.6500000000000004,0.1,attached,2.0,0.025,oblique,0.0001,FFD,0.000636320554892632,0.00018885112809029407,0.0008495333515547486,0.0007352120657699857,False
mach,M2.60-2.70,2.6,2.7,2.6500000000000004,0.1,attached,2.0,0.025,oblique,0.0001,Linear,0.000429904083900327,0.00012851969067456467,0.0005780560498346729,0.0007352120657699857,False
mach,M2.70-2.80,2.7,2.8,2.75,0.1,attached,2.0,0.025,SBsquared_exact+ffd,0.0001,BaryCDI,0.0007031995037828353,0.00021936174914190905,0.0009572065176523775,2.2184887409792964e-05,False
mach,M2.70-2.80,2.7,2.8,2.75,0.1,attached,2.0,0.025,SBsquared_exact+ffd,0.0001,FFD,0.0006551883956953376,0.00020139868040873845,0.0008943478646417029,2.2184887409792964e-05,False
mach,M2.70-2.80,2.7,2.8,2.75,0.1,attached,2.0,0.025,SBsquared_exact+ffd,0.0001,Linear,0.00038503589461013363,0.00010736768743688296,0.0005079239511244782,2.2184887409792964e-05,False
mach,M2.70-2.80,2.7,2.8,2.75,0.1,attached,2.0,0.025,ffd,0.0001,BaryCDI,0.0007024876606430657,0.00019361335605892936,0.0009170334055046894,1.6778735400180267e-05,False
mach,M2.70-2.80,2.7,2.8,2.75,0.1,attached,2.0,0.025,ffd,0.0001,FFD,0.0006551883956953376,0.00020139868040873845,0.0008943478646417029,1.6778735400180267e-05,False
mach,M2.70-2.80,2.7,2.8,2.75,0.1,attached,2.0,0.025,ffd,0.0001,Linear,0.00038503589461013363,0.00010736768743688296,0.0005079239511244782,1.6778735400180267e-05,False
mach,M2.70-2.80,2.7,2.8,2.75,0.1,attached,2.0,0.025,null,0.0001,BaryCDI,0.0005724700000535037,0.00016740220120293258,0.0007601948474105631,5.6884005408264215e-05,False
mach,M2.70-2.80,2.7,2.8,2.75,0.1,attached,2.0,0.025,null,0.0001,FFD,0.0006551883956953376,0.00020139868040873845,0.0008943478646417029,5.6884005408264215e-05,False
mach,M2.70-2.80,2.7,2.8,2.75,0.1,attached,2.0,0.025,null,0.0001,Linear,0.00038503589461013363,0.00010736768743688296,0.0005079239511244782,5.6884005408264215e-05,False
mach,M2.70-2.80,2.7,2.8,2.75,0.1,attached,2.0,0.025,oblique,0.0001,BaryCDI,0.0005845102306106892,0.00017518030819259028,0.0007877813075600257,0.00041321648989978144,False
mach,M2.70-2.80,2.7,2.8,2.75,0.1,attached,2.0,0.025,oblique,0.0001,FFD,0.0006551883956953376,0.00020139868040873845,0.0008943478646417029,0.00041321648989978144,False
mach,M2.70-2.80,2.7,2.8,2.75,0.1,attached,2.0,0.025,oblique,0.0001,Linear,0.00038503589461013363,0.00010736768743688296,0.0005079239511244782,0.00041321648989978144,False
mach,M2.80-2.90,2.8,2.9,2.8499999999999996,0.1,attached,2.0,0.025,SBsquared_exact+ffd,0.0001,BaryCDI,0.00069344527294994,0.00019877305233615,0.0008957672998693712,3.614917960348407e-05,False
mach,M2.80-2.90,2.8,2.9,2.8499999999999996,0.1,attached,2.0,0.025,SBsquared_exact+ffd,0.0001,FFD,0.0005771935326742831,0.00016745071409087083,0.0007643035226221007,3.614917960348407e-05,False
mach,M2.80-2.90,2.8,2.9,2.8499999999999996,0.1,attached,2.0,0.025,SBsquared_exact+ffd,0.0001,Linear,0.00033101717097377357,8.716020269091261e-05,0.0004287184774764047,3.614917960348407e-05,False
mach,M2.80-2.90,2.8,2.9,2.8499999999999996,0.1,attached,2.0,0.025,ffd,0.0001,BaryCDI,0.0006542836355676746,0.00019005903702287656,0.0008709101147518211,2.509753844037732e-05,False
mach,M2.80-2.90,2.8,2.9,2.8499999999999996,0.1,attached,2.0,0.025,ffd,0.0001,FFD,0.0005771935326742831,0.00016745071409087083,0.0007643035226221007,2.509753844037732e-05,False
mach,M2.80-2.90,2.8,2.9,2.8499999999999996,0.1,attached,2.0,0.025,ffd,0.0001,Linear,0.00033101717097377357,8.716020269091261e-05,0.0004287184774764047,2.509753844037732e-05,False
mach,M2.80-2.90,2.8,2.9,2.8499999999999996,0.1,attached,2.0,0.025,null,0.0001,BaryCDI,0.0005440597455599196,0.00015709067897976591,0.0007230309769354977,9.204700514153785e-05,False
mach,M2.80-2.90,2.8,2.9,2.8499999999999996,0.1,attached,2.0,0.025,null,0.0001,FFD,0.0005771935326742831,0.00016745071409087083,0.0007643035226221007,9.204700514153785e-05,False
mach,M2.80-2.90,2.8,2.9,2.8499999999999996,0.1,attached,2.0,0.025,null,0.0001,Linear,0.00033101717097377357,8.716020269091261e-05,0.0004287184774764047,9.204700514153785e-05,False
mach,M2.80-2.90,2.8,2.9,2.8499999999999996,0.1,attached,2.0,0.025,oblique,0.0001,BaryCDI,0.0005394526741464451,0.0001562293933122793,0.0007216723574093815,0.0003589511058450512,False
mach,M2.80-2.90,2.8,2.9,2.8499999999999996,0.1,attached,2.0,0.025,oblique,0.0001,FFD,0.0005771935326742831,0.00016745071409087083,0.0007643035226221007,0.0003589511058450512,False
mach,M2.80-2.90,2.8,2.9,2.8499999999999996,0.1,attached,2.0,0.025,oblique,0.0001,Linear,0.00033101717097377357,8.716020269091261e-05,0.0004287184774764047,0.0003589511058450512,False
mach,M2.90-3.00,2.9,3.0,2.95,0.1,attached,2.0,0.025,SBsquared_exact+ffd,0.0001,BaryCDI,0.000669619143603604,0.00016830787703571012,0.0008355874723458304,1.1951541978305613e-07,False
mach,M2.90-3.00,2.9,3.0,2.95,0.1,attached,2.0,0.025,SBsquared_exact+ffd,0.0001,FFD,0.0002839916480926512,7.499735135791672e-05,0.00037245542463259124,1.1951541978305613e-07,False
mach,M2.90-3.00,2.9,3.0,2.95,0.1,attached,2.0,0.025,SBsquared_exact+ffd,0.0001,Linear,0.0002839888183299177,7.499731938606228e-05,0.00037245542463260013,1.1951541978305613e-07,False
mach,M2.90-3.00,2.9,3.0,2.95,0.1,attached,2.0,0.025,ffd,0.0001,BaryCDI,0.0005267967613843684,0.0001611097752992027,0.000716257353081142,3.867899738452252e-05,False
mach,M2.90-3.00,2.9,3.0,2.95,0.1,attached,2.0,0.025,ffd,0.0001,FFD,0.0002839916480926512,7.499735135791672e-05,0.00037245542463259124,3.867899738452252e-05,False
mach,M2.90-3.00,2.9,3.0,2.95,0.1,attached,2.0,0.025,ffd,0.0001,Linear,0.0002839888183299177,7.499731938606228e-05,0.00037245542463260013,3.867899738452252e-05,False
mach,M2.90-3.00,2.9,3.0,2.95,0.1,attached,2.0,0.025,null,0.0001,BaryCDI,0.000521472260260867,0.00015930515481641763,0.0007089794145221296,1.669097684953158e-06,False
mach,M2.90-3.00,2.9,3.0,2.95,0.1,attached,2.0,0.025,null,0.0001,FFD,0.0002839916480926512,7.499735135791672e-05,0.00037245542463259124,1.669097684953158e-06,False
mach,M2.90-3.00,2.9,3.0,2.95,0.1,attached,2.0,0.025,null,0.0001,Linear,0.0002839888183299177,7.499731938606228e-05,0.00037245542463260013,1.669097684953158e-06,False
mach,M2.90-3.00,2.9,3.0,2.95,0.1,attached,2.0,0.025,oblique,0.0001,BaryCDI,0.000495228208866891,0.00014905747051826353,0.0006684360502300559,9.84786424851336e-07,False
mach,M2.90-3.00,2.9,3.0,2.95,0.1,attached,2.0,0.025,oblique,0.0001,FFD,0.0002839916480926512,7.499735135791672e-05,0.00037245542463259124,9.84786424851336e-07,False
mach,M2.90-3.00,2.9,3.0,2.95,0.1,attached,2.0,0.025,oblique,0.0001,Linear,0.0002839888183299177,7.499731938606228e-05,0.00037245542463260013,9.84786424851336e-07,False
