tol,t,variant,steps_to_tol,baseline_steps,speedup,steps_saved,per_step_ms
2.2041307602194138e-05,0.1,BaryCDI,50,3990,79.8,3940,0.8934298421385293
2.2041307602194138e-05,0.1,FFD,60,3990,66.5,3930,0.8929443147093572
2.2041307602194138e-05,0.1,Linear,25,3990,159.6,3965,0.8924753054288207
2.2041307602194138e-05,0.1,cold,3990,3990,1.0,0,1.1649273516980998
2.2041307602194138e-05,0.2,BaryCDI,125,3940,31.52,3815,0.8957393858845564
2.2041307602194138e-05,0.2,FFD,90,3940,43.77777777777778,3850,0.8937932629190988
2.2041307602194138e-05,0.2,Linear,300,3940,13.133333333333333,3640,0.8943747689921108
2.2041307602194138e-05,0.2,cold,3940,3940,1.0,0,1.1447014248823129
2.2041307602194138e-05,0.3,BaryCDI,180,3830,21.27777777777778,3650,0.8895579842212692
2.2041307602194138e-05,0.3,FFD,130,3830,29.46153846153846,3700,0.8911622442012646
2.2041307602194138e-05,0.3,Linear,565,3830,6.778761061946903,3265,0.8878287412212785
2.2041307602194138e-05,0.3,cold,3830,3830,1.0,0,1.1463235469443103
2.2041307602194138e-05,0.4,BaryCDI,205,3700,18.048780487804876,3495,0.8867196907285112
2.2041307602194138e-05,0.4,FFD,140,3700,26.428571428571427,3560,0.8917146773613733
2.2041307602194138e-05,0.4,Linear,605,3700,6.115702479338843,3095,0.8914071933345948
2.2041307602194138e-05,0.4,cold,3700,3700,1.0,0,1.1475942285256973
2.2041307602194138e-05,0.5,BaryCDI,210,3545,16.88095238095238,3335,0.8901626429441865
2.2041307602194138e-05,0.5,FFD,160,3545,22.15625,3385,0.8933370255581541
2.2041307602194138e-05,0.5,Linear,585,3545,6.05982905982906,2960,0.8920246599353192
2.2041307602194138e-05,0.5,cold,3545,3545,1.0,0,1.147097592089421
2.2041307602194138e-05,0.6,BaryCDI,200,3460,17.3,3260,0.8871387981017766
2.2041307602194138e-05,0.6,FFD,160,3460,21.625,3300,0.88984437715373
2.2041307602194138e-05,0.6,Linear,545,3460,6.348623853211009,2915,0.8925978372844733
2.2041307602194138e-05,0.6,cold,3460,3460,1.0,0,1.1272488395294218
2.2041307602194138e-05,0.7,BaryCDI,170,3500,20.58823529411765,3330,0.8862151377866058
2.2041307602194138e-05,0.7,FFD,150,3500,23.333333333333332,3350,0.8966419972530028
2.2041307602194138e-05,0.7,Linear,445,3500,7.865168539325842,3055,0.8909830633474856
2.2041307602194138e-05,0.7,cold,3500,3500,1.0,0,1.1264903407518556
2.2041307602194138e-05,0.8,BaryCDI,140,3480,24.857142857142858,3340,0.8840403940357099
2.2041307602194138e-05,0.8,FFD,120,3480,29.0,3360,0.8905387050721766
2.2041307602194138e-05,0.8,Linear,115,3480,30.26086956521739,3365,0.8892710053119885
2.2041307602194138e-05,0.8,cold,3480,3480,1.0,0,1.1204106090033423
2.2041307602194138e-05,0.9,BaryCDI,55,3385,61.54545454545455,3330,0.885205021879836
2.2041307602194138e-05,0.9,FFD,55,3385,61.54545454545455,3330,0.8895035396047564
2.2041307602194138e-05,0.9,Linear,5,3385,677.0,3380,0.8894620540618265
2.2041307602194138e-05,0.9,cold,3385,3385,1.0,0,1.1255893805120514
2.151556115726782e-05,0.1,BaryCDI,55,4065,73.9090909090909,4010,0.8934298421385293
2.151556115726782e-05,0.1,FFD,60,4065,67.75,4005,0.8929443147093572
2.151556115726782e-05,0.1,Linear,30,4065,135.5,4035,0.8924753054288207
2.151556115726782e-05,0.1,cold,4065,4065,1.0,0,1.1649273516980998
2.151556115726782e-05,0.2,BaryCDI,135,3950,29.25925925925926,3815,0.8957393858845564
2.151556115726782e-05,0.2,FFD,95,3950,41.578947368421055,3855,0.8937932629190988
2.151556115726782e-05,0.2,Linear,325,3950,12.153846153846153,3625,0.8943747689921108
2.151556115726782e-05,0.2,cold,3950,3950,1.0,0,1.1447014248823129
2.151556115726782e-05,0.3,BaryCDI,195,3865,19.82051282051282,3670,0.8895579842212692
2.151556115726782e-05,0.3,FFD,135,3865,28.62962962962963,3730,0.8911622442012646
2.151556115726782e-05,0.3,Linear,575,3865,6.721739130434782,3290,0.8878287412212785
2.151556115726782e-05,0.3,cold,3865,3865,1.0,0,1.1463235469443103
2.151556115726782e-05,0.4,BaryCDI,215,3780,17.58139534883721,3565,0.8867196907285112
2.151556115726782e-05,0.4,FFD,155,3780,24.387096774193548,3625,0.8917146773613733
2.151556115726782e-05,0.4,Linear,670,3780,5.641791044776119,3110,0.8914071933345948
2.151556115726782e-05,0.4,cold,3780,3780,1.0,0,1.1475942285256973
2.151556115726782e-05,0.5,BaryCDI,220,3575,16.25,3355,0.8901626429441865
2.151556115726782e-05,0.5,FFD,165,3575,21.666666666666668,3410,0.8933370255581541
2.151556115726782e-05,0.5,Linear,600,3575,5.958333333333333,2975,0.8920246599353192
2.151556115726782e-05,0.5,cold,3575,3575,1.0,0,1.147097592089421
2.151556115726782e-05,0.6,BaryCDI,210,3510,16.714285714285715,3300,0.8871387981017766
2.151556115726782e-05,0.6,FFD,160,3510,21.9375,3350,0.88984437715373
2.151556115726782e-05,0.6,Linear,575,3510,6.104347826086957,2935,0.8925978372844733
2.151556115726782e-05,0.6,cold,3510,3510,1.0,0,1.1272488395294218
2.151556115726782e-05,0.7,BaryCDI,175,3520,20.114285714285714,3345,0.8862151377866058
2.151556115726782e-05,0.7,FFD,155,3520,22.70967741935484,3365,0.8966419972530028
2.151556115726782e-05,0.7,Linear,455,3520,7.736263736263736,3065,0.8909830633474856
2.151556115726782e-05,0.7,cold,3520,3520,1.0,0,1.1264903407518556
2.151556115726782e-05,0.8,BaryCDI,150,3515,23.433333333333334,3365,0.8840403940357099
2.151556115726782e-05,0.8,FFD,125,3515,28.12,3390,0.8905387050721766
2.151556115726782e-05,0.8,Linear,155,3515,22.677419354838708,3360,0.8892710053119885
2.151556115726782e-05,0.8,cold,3515,3515,1.0,0,1.1204106090033423
2.151556115726782e-05,0.9,BaryCDI,60,3430,57.166666666666664,3370,0.885205021879836
2.151556115726782e-05,0.9,FFD,60,3430,57.166666666666664,3370,0.8895035396047564
2.151556115726782e-05,0.9,Linear,10,3430,343.0,3420,0.8894620540618265
2.151556115726782e-05,0.9,cold,3430,3430,1.0,0,1.1255893805120514
2.1002355226241173e-05,0.1,BaryCDI,60,4090,68.16666666666667,4030,0.8934298421385293
2.1002355226241173e-05,0.1,FFD,65,4090,62.92307692307692,4025,0.8929443147093572
2.1002355226241173e-05,0.1,Linear,35,4090,116.85714285714286,4055,0.8924753054288207
2.1002355226241173e-05,0.1,cold,4090,4090,1.0,0,1.1649273516980998
2.1002355226241173e-05,0.2,BaryCDI,150,3985,26.566666666666666,3835,0.8957393858845564
2.1002355226241173e-05,0.2,FFD,100,3985,39.85,3885,0.8937932629190988
2.1002355226241173e-05,0.2,Linear,355,3985,11.225352112676056,3630,0.8943747689921108
2.1002355226241173e-05,0.2,cold,3985,3985,1.0,0,1.1447014248823129
2.1002355226241173e-05,0.3,BaryCDI,205,3895,19.0,3690,0.8895579842212692
2.1002355226241173e-05,0.3,FFD,140,3895,27.821428571428573,3755,0.8911622442012646
2.1002355226241173e-05,0.3,Linear,590,3895,6.601694915254237,3305,0.8878287412212785
2.1002355226241173e-05,0.3,cold,3895,3895,1.0,0,1.1463235469443103
2.1002355226241173e-05,0.4,BaryCDI,225,3805,16.91111111111111,3580,0.8867196907285112
2.1002355226241173e-05,0.4,FFD,160,3805,23.78125,3645,0.8917146773613733
2.1002355226241173e-05,0.4,Linear,680,3805,5.595588235294118,3125,0.8914071933345948
2.1002355226241173e-05,0.4,cold,3805,3805,1.0,0,1.1475942285256973
2.1002355226241173e-05,0.5,BaryCDI,235,3625,15.425531914893616,3390,0.8901626429441865
2.1002355226241173e-05,0.5,FFD,165,3625,21.96969696969697,3460,0.8933370255581541
2.1002355226241173e-05,0.5,Linear,620,3625,5.846774193548387,3005,0.8920246599353192
2.1002355226241173e-05,0.5,cold,3625,3625,1.0,0,1.147097592089421
2.1002355226241173e-05,0.6,BaryCDI,220,3555,16.15909090909091,3335,0.8871387981017766
2.1002355226241173e-05,0.6,FFD,165,3555,21.545454545454547,3390,0.88984437715373
2.1002355226241173e-05,0.6,Linear,595,3555,5.974789915966387,2960,0.8925978372844733
2.1002355226241173e-05,0.6,cold,3555,3555,1.0,0,1.1272488395294218
2.1002355226241173e-05,0.7,BaryCDI,180,3535,19.63888888888889,3355,0.8862151377866058
2.1002355226241173e-05,0.7,FFD,160,3535,22.09375,3375,0.8966419972530028
2.1002355226241173e-05,0.7,Linear,480,3535,7.364583333333333,3055,0.8909830633474856
2.1002355226241173e-05,0.7,cold,3535,3535,1.0,0,1.1264903407518556
2.1002355226241173e-05,0.8,BaryCDI,155,3550,22.903225806451612,3395,0.8840403940357099
2.1002355226241173e-05,0.8,FFD,140,3550,25.357142857142858,3410,0.8905387050721766
2.1002355226241173e-05,0.8,Linear,180,3550,19.72222222222222,3370,0.8892710053119885
2.1002355226241173e-05,0.8,cold,3550,3550,1.0,0,1.1204106090033423
2.1002355226241173e-05,0.9,BaryCDI,60,3455,57.583333333333336,3395,0.885205021879836
2.1002355226241173e-05,0.9,FFD,60,3455,57.583333333333336,3395,0.8895035396047564
2.1002355226241173e-05,0.9,Linear,10,3455,345.5,3445,0.8894620540618265
2.1002355226241173e-05,0.9,cold,3455,3455,1.0,0,1.1255893805120514
2.0501390683004356e-05,0.1,BaryCDI,65,4100,63.07692307692308,4035,0.8934298421385293
2.0501390683004356e-05,0.1,FFD,70,4100,58.57142857142857,4030,0.8929443147093572
2.0501390683004356e-05,0.1,Linear,40,4100,102.5,4060,0.8924753054288207
2.0501390683004356e-05,0.1,cold,4100,4100,1.0,0,1.1649273516980998
2.0501390683004356e-05,0.2,BaryCDI,170,4015,23.61764705882353,3845,0.8957393858845564
2.0501390683004356e-05,0.2,FFD,110,4015,36.5,3905,0.8937932629190988
2.0501390683004356e-05,0.2,Linear,385,4015,10.428571428571429,3630,0.8943747689921108
2.0501390683004356e-05,0.2,cold,4015,4015,1.0,0,1.1447014248823129
2.0501390683004356e-05,0.3,BaryCDI,225,3955,17.57777777777778,3730,0.8895579842212692
2.0501390683004356e-05,0.3,FFD,145,3955,27.275862068965516,3810,0.8911622442012646
2.0501390683004356e-05,0.3,Linear,630,3955,6.277777777777778,3325,0.8878287412212785
2.0501390683004356e-05,0.3,cold,3955,3955,1.0,0,1.1463235469443103
2.0501390683004356e-05,0.4,BaryCDI,235,3830,16.29787234042553,3595,0.8867196907285112
2.0501390683004356e-05,0.4,FFD,165,3830,23.21212121212121,3665,0.8917146773613733
2.0501390683004356e-05,0.4,Linear,735,3830,5.210884353741497,3095,0.8914071933345948
2.0501390683004356e-05,0.4,cold,3830,3830,1.0,0,1.1475942285256973
2.0501390683004356e-05,0.5,BaryCDI,245,3635,14.83673469387755,3390,0.8901626429441865
2.0501390683004356e-05,0.5,FFD,170,3635,21.38235294117647,3465,0.8933370255581541
2.0501390683004356e-05,0.5,Linear,640,3635,5.6796875,2995,0.8920246599353192
2.0501390683004356e-05,0.5,cold,3635,3635,1.0,0,1.147097592089421
2.0501390683004356e-05,0.6,BaryCDI,230,3575,15.543478260869565,3345,0.8871387981017766
2.0501390683004356e-05,0.6,FFD,170,3575,21.029411764705884,3405,0.88984437715373
2.0501390683004356e-05,0.6,Linear,615,3575,5.813008130081301,2960,0.8925978372844733
2.0501390683004356e-05,0.6,cold,3575,3575,1.0,0,1.1272488395294218
2.0501390683004356e-05,0.7,BaryCDI,190,3565,18.763157894736842,3375,0.8862151377866058
2.0501390683004356e-05,0.7,FFD,160,3565,22.28125,3405,0.8966419972530028
2.0501390683004356e-05,0.7,Linear,505,3565,7.0594059405940595,3060,0.8909830633474856
2.0501390683004356e-05,0.7,cold,3565,3565,1.0,0,1.1264903407518556
2.0501390683004356e-05,0.8,BaryCDI,160,3575,22.34375,3415,0.8840403940357099
2.0501390683004356e-05,0.8,FFD,145,3575,24.655172413793103,3430,0.8905387050721766
2.0501390683004356e-05,0.8,Linear,210,3575,17.023809523809526,3365,0.8892710053119885
2.0501390683004356e-05,0.8,cold,3575,3575,1.0,0,1.1204106090033423
2.0501390683004356e-05,0.9,BaryCDI,65,3470,53.38461538461539,3405,0.885205021879836
2.0501390683004356e-05,0.9,FFD,65,3470,53.38461538461539,3405,0.8895035396047564
2.0501390683004356e-05,0.9,Linear,10,3470,347.0,3460,0.8894620540618265
2.0501390683004356e-05,0.9,cold,3470,3470,1.0,0,1.1255893805120514
2.001237553643648e-05,0.1,BaryCDI,70,4130,59.0,4060,0.8934298421385293
2.001237553643648e-05,0.1,FFD,70,4130,59.0,4060,0.8929443147093572
2.001237553643648e-05,0.1,Linear,45,4130,91.77777777777777,4085,0.8924753054288207
2.001237553643648e-05,0.1,cold,4130,4130,1.0,0,1.1649273516980998
2.001237553643648e-05,0.2,BaryCDI,175,4050,23.142857142857142,3875,0.8957393858845564
2.001237553643648e-05,0.2,FFD,115,4050,35.21739130434783,3935,0.8937932629190988
2.001237553643648e-05,0.2,Linear,415,4050,9.759036144578314,3635,0.8943747689921108
2.001237553643648e-05,0.2,cold,4050,4050,1.0,0,1.1447014248823129
2.001237553643648e-05,0.3,BaryCDI,235,3960,16.851063829787233,3725,0.8895579842212692
2.001237553643648e-05,0.3,FFD,145,3960,27.310344827586206,3815,0.8911622442012646
2.001237553643648e-05,0.3,Linear,660,3960,6.0,3300,0.8878287412212785
2.001237553643648e-05,0.3,cold,3960,3960,1.0,0,1.1463235469443103
2.001237553643648e-05,0.4,BaryCDI,240,3900,16.25,3660,0.8867196907285112
2.001237553643648e-05,0.4,FFD,170,3900,22.941176470588236,3730,0.8917146773613733
2.001237553643648e-05,0.4,Linear,750,3900,5.2,3150,0.8914071933345948
2.001237553643648e-05,0.4,cold,3900,3900,1.0,0,1.1475942285256973
2.001237553643648e-05,0.5,BaryCDI,250,3680,14.72,3430,0.8901626429441865
2.001237553643648e-05,0.5,FFD,180,3680,20.444444444444443,3500,0.8933370255581541
2.001237553643648e-05,0.5,Linear,660,3680,5.575757575757576,3020,0.8920246599353192
2.001237553643648e-05,0.5,cold,3680,3680,1.0,0,1.147097592089421
2.001237553643648e-05,0.6,BaryCDI,240,3590,14.958333333333334,3350,0.8871387981017766
2.001237553643648e-05,0.6,FFD,175,3590,20.514285714285716,3415,0.88984437715373
2.001237553643648e-05,0.6,Linear,630,3590,5.698412698412699,2960,0.8925978372844733
2.001237553643648e-05,0.6,cold,3590,3590,1.0,0,1.1272488395294218
2.001237553643648e-05,0.7,BaryCDI,195,3595,18.435897435897434,3400,0.8862151377866058
2.001237553643648e-05,0.7,FFD,165,3595,21.78787878787879,3430,0.8966419972530028
2.001237553643648e-05,0.7,Linear,525,3595,6.847619047619047,3070,0.8909830633474856
2.001237553643648e-05,0.7,cold,3595,3595,1.0,0,1.1264903407518556
2.001237553643648e-05,0.8,BaryCDI,165,3600,21.818181818181817,3435,0.8840403940357099
2.001237553643648e-05,0.8,FFD,150,3600,24.0,3450,0.8905387050721766
2.001237553643648e-05,0.8,Linear,225,3600,16.0,3375,0.8892710053119885
2.001237553643648e-05,0.8,cold,3600,3600,1.0,0,1.1204106090033423
2.001237553643648e-05,0.9,BaryCDI,65,3490,53.69230769230769,3425,0.885205021879836
2.001237553643648e-05,0.9,FFD,65,3490,53.69230769230769,3425,0.8895035396047564
2.001237553643648e-05,0.9,Linear,15,3490,232.66666666666666,3475,0.8894620540618265
2.001237553643648e-05,0.9,cold,3490,3490,1.0,0,1.1255893805120514
1.9535024760216428e-05,0.1,BaryCDI,75,4270,56.93333333333333,4195,0.8934298421385293
1.9535024760216428e-05,0.1,FFD,75,4270,56.93333333333333,4195,0.8929443147093572
1.9535024760216428e-05,0.1,Linear,45,4270,94.88888888888889,4225,0.8924753054288207
1.9535024760216428e-05,0.1,cold,4270,4270,1.0,0,1.1649273516980998
1.9535024760216428e-05,0.2,BaryCDI,180,4085,22.694444444444443,3905,0.8957393858845564
1.9535024760216428e-05,0.2,FFD,120,4085,34.041666666666664,3965,0.8937932629190988
1.9535024760216428e-05,0.2,Linear,450,4085,9.077777777777778,3635,0.8943747689921108
1.9535024760216428e-05,0.2,cold,4085,4085,1.0,0,1.1447014248823129
1.9535024760216428e-05,0.3,BaryCDI,255,4040,15.843137254901961,3785,0.8895579842212692
1.9535024760216428e-05,0.3,FFD,150,4040,26.933333333333334,3890,0.8911622442012646
1.9535024760216428e-05,0.3,Linear,720,4040,5.611111111111111,3320,0.8878287412212785
1.9535024760216428e-05,0.3,cold,4040,4040,1.0,0,1.1463235469443103
1.9535024760216428e-05,0.4,BaryCDI,250,3930,15.72,3680,0.8867196907285112
1.9535024760216428e-05,0.4,FFD,175,3930,22.457142857142856,3755,0.8917146773613733
1.9535024760216428e-05,0.4,Linear,800,3930,4.9125,3130,0.8914071933345948
1.9535024760216428e-05,0.4,cold,3930,3930,1.0,0,1.1475942285256973
1.9535024760216428e-05,0.5,BaryCDI,260,3700,14.23076923076923,3440,0.8901626429441865
1.9535024760216428e-05,0.5,FFD,185,3700,20.0,3515,0.8933370255581541
1.9535024760216428e-05,0.5,Linear,725,3700,5.103448275862069,2975,0.8920246599353192
1.9535024760216428e-05,0.5,cold,3700,3700,1.0,0,1.147097592089421
1.9535024760216428e-05,0.6,BaryCDI,245,3645,14.877551020408163,3400,0.8871387981017766
1.9535024760216428e-05,0.6,FFD,180,3645,20.25,3465,0.88984437715373
1.9535024760216428e-05,0.6,Linear,670,3645,5.440298507462686,2975,0.8925978372844733
1.9535024760216428e-05,0.6,cold,3645,3645,1.0,0,1.1272488395294218
1.9535024760216428e-05,0.7,BaryCDI,205,3610,17.609756097560975,3405,0.8862151377866058
1.9535024760216428e-05,0.7,FFD,170,3610,21.235294117647058,3440,0.8966419972530028
1.9535024760216428e-05,0.7,Linear,560,3610,6.446428571428571,3050,0.8909830633474856
1.9535024760216428e-05,0.7,cold,3610,3610,1.0,0,1.1264903407518556
1.9535024760216428e-05,0.8,BaryCDI,170,3635,21.38235294117647,3465,0.8840403940357099
1.9535024760216428e-05,0.8,FFD,155,3635,23.451612903225808,3480,0.8905387050721766
1.9535024760216428e-05,0.8,Linear,245,3635,14.83673469387755,3390,0.8892710053119885
1.9535024760216428e-05,0.8,cold,3635,3635,1.0,0,1.1204106090033423
1.9535024760216428e-05,0.9,BaryCDI,70,3505,50.07142857142857,3435,0.885205021879836
1.9535024760216428e-05,0.9,FFD,70,3505,50.07142857142857,3435,0.8895035396047564
1.9535024760216428e-05,0.9,Linear,20,3505,175.25,3485,0.8894620540618265
1.9535024760216428e-05,0.9,cold,3505,3505,1.0,0,1.1255893805120514
1.906906012669312e-05,0.1,BaryCDI,80,4275,53.4375,4195,0.8934298421385293
1.906906012669312e-05,0.1,FFD,80,4275,53.4375,4195,0.8929443147093572
1.906906012669312e-05,0.1,Linear,50,4275,85.5,4225,0.8924753054288207
1.906906012669312e-05,0.1,cold,4275,4275,1.0,0,1.1649273516980998
1.906906012669312e-05,0.2,BaryCDI,185,4105,22.18918918918919,3920,0.8957393858845564
1.906906012669312e-05,0.2,FFD,125,4105,32.84,3980,0.8937932629190988
1.906906012669312e-05,0.2,Linear,485,4105,8.463917525773196,3620,0.8943747689921108
1.906906012669312e-05,0.2,cold,4105,4105,1.0,0,1.1447014248823129
1.906906012669312e-05,0.3,BaryCDI,290,4050,13.96551724137931,3760,0.8895579842212692
1.906906012669312e-05,0.3,FFD,160,4050,25.3125,3890,0.8911622442012646
1.906906012669312e-05,0.3,Linear,730,4050,5.5479452054794525,3320,0.8878287412212785
1.906906012669312e-05,0.3,cold,4050,4050,1.0,0,1.1463235469443103
1.906906012669312e-05,0.4,BaryCDI,260,3960,15.23076923076923,3700,0.8867196907285112
1.906906012669312e-05,0.4,FFD,185,3960,21.405405405405407,3775,0.8917146773613733
1.906906012669312e-05,0.4,Linear,865,3960,4.578034682080925,3095,0.8914071933345948
1.906906012669312e-05,0.4,cold,3960,3960,1.0,0,1.1475942285256973
1.906906012669312e-05,0.5,BaryCDI,275,3765,13.690909090909091,3490,0.8901626429441865
1.906906012669312e-05,0.5,FFD,190,3765,19.81578947368421,3575,0.8933370255581541
1.906906012669312e-05,0.5,Linear,740,3765,5.087837837837838,3025,0.8920246599353192
1.906906012669312e-05,0.5,cold,3765,3765,1.0,0,1.147097592089421
1.906906012669312e-05,0.6,BaryCDI,255,3680,14.431372549019608,3425,0.8871387981017766
1.906906012669312e-05,0.6,FFD,190,3680,19.36842105263158,3490,0.88984437715373
1.906906012669312e-05,0.6,Linear,695,3680,5.294964028776978,2985,0.8925978372844733
1.906906012669312e-05,0.6,cold,3680,3680,1.0,0,1.1272488395294218
1.906906012669312e-05,0.7,BaryCDI,215,3625,16.86046511627907,3410,0.8862151377866058
1.906906012669312e-05,0.7,FFD,180,3625,20.13888888888889,3445,0.8966419972530028
1.906906012669312e-05,0.7,Linear,590,3625,6.1440677966101696,3035,0.8909830633474856
1.906906012669312e-05,0.7,cold,3625,3625,1.0,0,1.1264903407518556
1.906906012669312e-05,0.8,BaryCDI,175,3640,20.8,3465,0.8840403940357099
1.906906012669312e-05,0.8,FFD,160,3640,22.75,3480,0.8905387050721766
1.906906012669312e-05,0.8,Linear,285,3640,12.771929824561404,3355,0.8892710053119885
1.906906012669312e-05,0.8,cold,3640,3640,1.0,0,1.1204106090033423
1.906906012669312e-05,0.9,BaryCDI,75,3540,47.2,3465,0.885205021879836
1.906906012669312e-05,0.9,FFD,75,3540,47.2,3465,0.8895035396047564
1.906906012669312e-05,0.9,Linear,20,3540,177.0,3520,0.8894620540618265
1.906906012669312e-05,0.9,cold,3540,3540,1.0,0,1.1255893805120514
1.86142100447181e-05,0.1,BaryCDI,85,4305,50.64705882352941,4220,0.8934298421385293
1.86142100447181e-05,0.1,FFD,80,4305,53.8125,4225,0.8929443147093572
1.86142100447181e-05,0.1,Linear,65,4305,66.23076923076923,4240,0.8924753054288207
1.86142100447181e-05,0.1,cold,4305,4305,1.0,0,1.1649273516980998
1.86142100447181e-05,0.2,BaryCDI,190,4255,22.394736842105264,4065,0.8957393858845564
1.86142100447181e-05,0.2,FFD,135,4255,31.51851851851852,4120,0.8937932629190988
1.86142100447181e-05,0.2,Linear,505,4255,8.425742574257425,3750,0.8943747689921108
1.86142100447181e-05,0.2,cold,4255,4255,1.0,0,1.1447014248823129
1.86142100447181e-05,0.3,BaryCDI,305,4120,13.508196721311476,3815,0.8895579842212692
1.86142100447181e-05,0.3,FFD,165,4120,24.96969696969697,3955,0.8911622442012646
1.86142100447181e-05,0.3,Linear,795,4120,5.182389937106918,3325,0.8878287412212785
1.86142100447181e-05,0.3,cold,4120,4120,1.0,0,1.1463235469443103
1.86142100447181e-05,0.4,BaryCDI,275,4030,14.654545454545454,3755,0.8867196907285112
1.86142100447181e-05,0.4,FFD,190,4030,21.210526315789473,3840,0.8917146773613733
1.86142100447181e-05,0.4,Linear,865,4030,4.658959537572255,3165,0.8914071933345948
1.86142100447181e-05,0.4,cold,4030,4030,1.0,0,1.1475942285256973
1.86142100447181e-05,0.5,BaryCDI,285,3780,13.263157894736842,3495,0.8901626429441865
1.86142100447181e-05,0.5,FFD,195,3780,19.384615384615383,3585,0.8933370255581541
1.86142100447181e-05,0.5,Linear,765,3780,4.9411764705882355,3015,0.8920246599353192
1.86142100447181e-05,0.5,cold,3780,3780,1.0,0,1.147097592089421
1.86142100447181e-05,0.6,BaryCDI,270,3740,13.851851851851851,3470,0.8871387981017766
1.86142100447181e-05,0.6,FFD,195,3740,19.17948717948718,3545,0.88984437715373
1.86142100447181e-05,0.6,Linear,700,3740,5.3428571428571425,3040,0.8925978372844733
1.86142100447181e-05,0.6,cold,3740,3740,1.0,0,1.1272488395294218
1.86142100447181e-05,0.7,BaryCDI,220,3670,16.681818181818183,3450,0.8862151377866058
1.86142100447181e-05,0.7,FFD,185,3670,19.83783783783784,3485,0.8966419972530028
1.86142100447181e-05,0.7,Linear,605,3670,6.066115702479339,3065,0.8909830633474856
1.86142100447181e-05,0.7,cold,3670,3670,1.0,0,1.1264903407518556
1.86142100447181e-05,0.8,BaryCDI,180,3670,20.38888888888889,3490,0.8840403940357099
1.86142100447181e-05,0.8,FFD,170,3670,21.58823529411765,3500,0.8905387050721766
1.86142100447181e-05,0.8,Linear,320,3670,11.46875,3350,0.8892710053119885
1.86142100447181e-05,0.8,cold,3670,3670,1.0,0,1.1204106090033423
1.86142100447181e-05,0.9,BaryCDI,80,3580,44.75,3500,0.885205021879836
1.86142100447181e-05,0.9,FFD,80,3580,44.75,3500,0.8895035396047564
1.86142100447181e-05,0.9,Linear,25,3580,143.2,3555,0.8894620540618265
1.86142100447181e-05,0.9,cold,3580,3580,1.0,0,1.1255893805120514
1.8170209401346632e-05,0.1,BaryCDI,115,4310,37.47826086956522,4195,0.8934298421385293
1.8170209401346632e-05,0.1,FFD,105,4310,41.04761904761905,4205,0.8929443147093572
1.8170209401346632e-05,0.1,Linear,85,4310,50.705882352941174,4225,0.8924753054288207
1.8170209401346632e-05,0.1,cold,4310,4310,1.0,0,1.1649273516980998
1.8170209401346632e-05,0.2,BaryCDI,200,4275,21.375,4075,0.8957393858845564
1.8170209401346632e-05,0.2,FFD,145,4275,29.482758620689655,4130,0.8937932629190988
1.8170209401346632e-05,0.2,Linear,525,4275,8.142857142857142,3750,0.8943747689921108
1.8170209401346632e-05,0.2,cold,4275,4275,1.0,0,1.1447014248823129
1.8170209401346632e-05,0.3,BaryCDI,315,4180,13.26984126984127,3865,0.8895579842212692
1.8170209401346632e-05,0.3,FFD,170,4180,24.58823529411765,4010,0.8911622442012646
1.8170209401346632e-05,0.3,Linear,815,4180,5.128834355828221,3365,0.8878287412212785
1.8170209401346632e-05,0.3,cold,4180,4180,1.0,0,1.1463235469443103
1.8170209401346632e-05,0.4,BaryCDI,305,4040,13.245901639344263,3735,0.8867196907285112
1.8170209401346632e-05,0.4,FFD,195,4040,20.71794871794872,3845,0.8917146773613733
1.8170209401346632e-05,0.4,Linear,880,4040,4.590909090909091,3160,0.8914071933345948
1.8170209401346632e-05,0.4,cold,4040,4040,1.0,0,1.1475942285256973
1.8170209401346632e-05,0.5,BaryCDI,295,3860,13.084745762711865,3565,0.8901626429441865
1.8170209401346632e-05,0.5,FFD,200,3860,19.3,3660,0.8933370255581541
1.8170209401346632e-05,0.5,Linear,790,3860,4.886075949367089,3070,0.8920246599353192
1.8170209401346632e-05,0.5,cold,3860,3860,1.0,0,1.147097592089421
1.8170209401346632e-05,0.6,BaryCDI,280,3770,13.464285714285714,3490,0.8871387981017766
1.8170209401346632e-05,0.6,FFD,200,3770,18.85,3570,0.88984437715373
1.8170209401346632e-05,0.6,Linear,720,3770,5.236111111111111,3050,0.8925978372844733
1.8170209401346632e-05,0.6,cold,3770,3770,1.0,0,1.1272488395294218
1.8170209401346632e-05,0.7,BaryCDI,230,3705,16.108695652173914,3475,0.8862151377866058
1.8170209401346632e-05,0.7,FFD,190,3705,19.5,3515,0.8966419972530028
1.8170209401346632e-05,0.7,Linear,650,3705,5.7,3055,0.8909830633474856
1.8170209401346632e-05,0.7,cold,3705,3705,1.0,0,1.1264903407518556
1.8170209401346632e-05,0.8,BaryCDI,185,3690,19.945945945945947,3505,0.8840403940357099
1.8170209401346632e-05,0.8,FFD,175,3690,21.085714285714285,3515,0.8905387050721766
1.8170209401346632e-05,0.8,Linear,345,3690,10.695652173913043,3345,0.8892710053119885
1.8170209401346632e-05,0.8,cold,3690,3690,1.0,0,1.1204106090033423
1.8170209401346632e-05,0.9,BaryCDI,90,3610,40.111111111111114,3520,0.885205021879836
1.8170209401346632e-05,0.9,FFD,85,3610,42.470588235294116,3525,0.8895035396047564
1.8170209401346632e-05,0.9,Linear,25,3610,144.4,3585,0.8894620540618265
1.8170209401346632e-05,0.9,cold,3610,3610,1.0,0,1.1255893805120514
1.7736799407314637e-05,0.1,BaryCDI,120,4340,36.166666666666664,4220,0.8934298421385293
1.7736799407314637e-05,0.1,FFD,110,4340,39.45454545454545,4230,0.8929443147093572
1.7736799407314637e-05,0.1,Linear,150,4340,28.933333333333334,4190,0.8924753054288207
1.7736799407314637e-05,0.1,cold,4340,4340,1.0,0,1.1649273516980998
1.7736799407314637e-05,0.2,BaryCDI,215,4305,20.023255813953487,4090,0.8957393858845564
1.7736799407314637e-05,0.2,FFD,150,4305,28.7,4155,0.8937932629190988
1.7736799407314637e-05,0.2,Linear,550,4305,7.827272727272727,3755,0.8943747689921108
1.7736799407314637e-05,0.2,cold,4305,4305,1.0,0,1.1447014248823129
1.7736799407314637e-05,0.3,BaryCDI,325,4190,12.892307692307693,3865,0.8895579842212692
1.7736799407314637e-05,0.3,FFD,175,4190,23.942857142857143,4015,0.8911622442012646
1.7736799407314637e-05,0.3,Linear,845,4190,4.958579881656805,3345,0.8878287412212785
1.7736799407314637e-05,0.3,cold,4190,4190,1.0,0,1.1463235469443103
1.7736799407314637e-05,0.4,BaryCDI,340,4090,12.029411764705882,3750,0.8867196907285112
1.7736799407314637e-05,0.4,FFD,200,4090,20.45,3890,0.8917146773613733
1.7736799407314637e-05,0.4,Linear,930,4090,4.397849462365591,3160,0.8914071933345948
1.7736799407314637e-05,0.4,cold,4090,4090,1.0,0,1.1475942285256973
1.7736799407314637e-05,0.5,BaryCDI,305,3875,12.704918032786885,3570,0.8901626429441865
1.7736799407314637e-05,0.5,FFD,205,3875,18.902439024390244,3670,0.8933370255581541
1.7736799407314637e-05,0.5,Linear,825,3875,4.696969696969697,3050,0.8920246599353192
1.7736799407314637e-05,0.5,cold,3875,3875,1.0,0,1.147097592089421
1.7736799407314637e-05,0.6,BaryCDI,285,3795,13.31578947368421,3510,0.8871387981017766
1.7736799407314637e-05,0.6,FFD,205,3795,18.51219512195122,3590,0.88984437715373
1.7736799407314637e-05,0.6,Linear,755,3795,5.026490066225166,3040,0.8925978372844733
1.7736799407314637e-05,0.6,cold,3795,3795,1.0,0,1.1272488395294218
1.7736799407314637e-05,0.7,BaryCDI,240,3765,15.6875,3525,0.8862151377866058
1.7736799407314637e-05,0.7,FFD,195,3765,19.307692307692307,3570,0.8966419972530028
1.7736799407314637e-05,0.7,Linear,655,3765,5.748091603053435,3110,0.8909830633474856
1.7736799407314637e-05,0.7,cold,3765,3765,1.0,0,1.1264903407518556
1.7736799407314637e-05,0.8,BaryCDI,190,3705,19.5,3515,0.8840403940357099
1.7736799407314637e-05,0.8,FFD,180,3705,20.583333333333332,3525,0.8905387050721766
1.7736799407314637e-05,0.8,Linear,365,3705,10.150684931506849,3340,0.8892710053119885
1.7736799407314637e-05,0.8,cold,3705,3705,1.0,0,1.1204106090033423
1.7736799407314637e-05,0.9,BaryCDI,95,3615,38.05263157894737,3520,0.885205021879836
1.7736799407314637e-05,0.9,FFD,95,3615,38.05263157894737,3520,0.8895035396047564
1.7736799407314637e-05,0.9,Linear,30,3615,120.5,3585,0.8894620540618265
1.7736799407314637e-05,0.9,cold,3615,3615,1.0,0,1.1255893805120514
1.7313727446201128e-05,0.1,BaryCDI,145,4510,31.103448275862068,4365,0.8934298421385293
1.7313727446201128e-05,0.1,FFD,115,4510,39.21739130434783,4395,0.8929443147093572
1.7313727446201128e-05,0.1,Linear,185,4510,24.37837837837838,4325,0.8924753054288207
1.7313727446201128e-05,0.1,cold,4510,4510,1.0,0,1.1649273516980998
1.7313727446201128e-05,0.2,BaryCDI,225,4345,19.31111111111111,4120,0.8957393858845564
1.7313727446201128e-05,0.2,FFD,185,4345,23.486486486486488,4160,0.8937932629190988
1.7313727446201128e-05,0.2,Linear,560,4345,7.758928571428571,3785,0.8943747689921108
1.7313727446201128e-05,0.2,cold,4345,4345,1.0,0,1.1447014248823129
1.7313727446201128e-05,0.3,BaryCDI,360,4325,12.01388888888889,3965,0.8895579842212692
1.7313727446201128e-05,0.3,FFD,180,4325,24.02777777777778,4145,0.8911622442012646
1.7313727446201128e-05,0.3,Linear,865,4325,5.0,3460,0.8878287412212785
1.7313727446201128e-05,0.3,cold,4325,4325,1.0,0,1.1463235469443103
1.7313727446201128e-05,0.4,BaryCDI,365,4155,11.383561643835616,3790,0.8867196907285112
1.7313727446201128e-05,0.4,FFD,205,4155,20.26829268292683,3950,0.8917146773613733
1.7313727446201128e-05,0.4,Linear,930,4155,4.467741935483871,3225,0.8914071933345948
1.7313727446201128e-05,0.4,cold,4155,4155,1.0,0,1.1475942285256973
1.7313727446201128e-05,0.5,BaryCDI,315,3885,12.333333333333334,3570,0.8901626429441865
1.7313727446201128e-05,0.5,FFD,210,3885,18.5,3675,0.8933370255581541
1.7313727446201128e-05,0.5,Linear,840,3885,4.625,3045,0.8920246599353192
1.7313727446201128e-05,0.5,cold,3885,3885,1.0,0,1.147097592089421
1.7313727446201128e-05,0.6,BaryCDI,295,3800,12.88135593220339,3505,0.8871387981017766
1.7313727446201128e-05,0.6,FFD,210,3800,18.095238095238095,3590,0.88984437715373
1.7313727446201128e-05,0.6,Linear,790,3800,4.810126582278481,3010,0.8925978372844733
1.7313727446201128e-05,0.6,cold,3800,3800,1.0,0,1.1272488395294218
1.7313727446201128e-05,0.7,BaryCDI,245,3805,15.53061224489796,3560,0.8862151377866058
1.7313727446201128e-05,0.7,FFD,195,3805,19.512820512820515,3610,0.8966419972530028
1.7313727446201128e-05,0.7,Linear,690,3805,5.5144927536231885,3115,0.8909830633474856
1.7313727446201128e-05,0.7,cold,3805,3805,1.0,0,1.1264903407518556
1.7313727446201128e-05,0.8,BaryCDI,200,3730,18.65,3530,0.8840403940357099
1.7313727446201128e-05,0.8,FFD,190,3730,19.63157894736842,3540,0.8905387050721766
1.7313727446201128e-05,0.8,Linear,385,3730,9.688311688311689,3345,0.8892710053119885
1.7313727446201128e-05,0.8,cold,3730,3730,1.0,0,1.1204106090033423
1.7313727446201128e-05,0.9,BaryCDI,95,3635,38.26315789473684,3540,0.885205021879836
1.7313727446201128e-05,0.9,FFD,100,3635,36.35,3535,0.8895035396047564
1.7313727446201128e-05,0.9,Linear,35,3635,103.85714285714286,3600,0.8894620540618265
1.7313727446201128e-05,0.9,cold,3635,3635,1.0,0,1.1255893805120514
1.6900746927188832e-05,0.1,BaryCDI,150,4515,30.1,4365,0.8934298421385293
1.6900746927188832e-05,0.1,FFD,120,4515,37.625,4395,0.8929443147093572
1.6900746927188832e-05,0.1,Linear,215,4515,21.0,4300,0.8924753054288207
1.6900746927188832e-05,0.1,cold,4515,4515,1.0,0,1.1649273516980998
1.6900746927188832e-05,0.2,BaryCDI,230,4545,19.76086956521739,4315,0.8957393858845564
1.6900746927188832e-05,0.2,FFD,190,4545,23.92105263157895,4355,0.8937932629190988
1.6900746927188832e-05,0.2,Linear,575,4545,7.904347826086957,3970,0.8943747689921108
1.6900746927188832e-05,0.2,cold,4545,4545,1.0,0,1.1447014248823129
1.6900746927188832e-05,0.3,BaryCDI,375,4335,11.56,3960,0.8895579842212692
1.6900746927188832e-05,0.3,FFD,185,4335,23.43243243243243,4150,0.8911622442012646
1.6900746927188832e-05,0.3,Linear,950,4335,4.563157894736842,3385,0.8878287412212785
1.6900746927188832e-05,0.3,cold,4335,4335,1.0,0,1.1463235469443103
1.6900746927188832e-05,0.4,BaryCDI,380,4165,10.960526315789474,3785,0.8867196907285112
1.6900746927188832e-05,0.4,FFD,210,4165,19.833333333333332,3955,0.8917146773613733
1.6900746927188832e-05,0.4,Linear,975,4165,4.271794871794872,3190,0.8914071933345948
1.6900746927188832e-05,0.4,cold,4165,4165,1.0,0,1.1475942285256973
1.6900746927188832e-05,0.5,BaryCDI,320,3915,12.234375,3595,0.8901626429441865
1.6900746927188832e-05,0.5,FFD,215,3915,18.209302325581394,3700,0.8933370255581541
1.6900746927188832e-05,0.5,Linear,880,3915,4.448863636363637,3035,0.8920246599353192
1.6900746927188832e-05,0.5,cold,3915,3915,1.0,0,1.147097592089421
1.6900746927188832e-05,0.6,BaryCDI,310,3835,12.370967741935484,3525,0.8871387981017766
1.6900746927188832e-05,0.6,FFD,215,3835,17.837209302325583,3620,0.88984437715373
1.6900746927188832e-05,0.6,Linear,890,3835,4.308988764044944,2945,0.8925978372844733
1.6900746927188832e-05,0.6,cold,3835,3835,1.0,0,1.1272488395294218
1.6900746927188832e-05,0.7,BaryCDI,255,3815,14.96078431372549,3560,0.8862151377866058
1.6900746927188832e-05,0.7,FFD,200,3815,19.075,3615,0.8966419972530028
1.6900746927188832e-05,0.7,Linear,715,3815,5.335664335664336,3100,0.8909830633474856
1.6900746927188832e-05,0.7,cold,3815,3815,1.0,0,1.1264903407518556
1.6900746927188832e-05,0.8,BaryCDI,210,3760,17.904761904761905,3550,0.8840403940357099
1.6900746927188832e-05,0.8,FFD,195,3760,19.28205128205128,3565,0.8905387050721766
1.6900746927188832e-05,0.8,Linear,410,3760,9.170731707317072,3350,0.8892710053119885
1.6900746927188832e-05,0.8,cold,3760,3760,1.0,0,1.1204106090033423
1.6900746927188832e-05,0.9,BaryCDI,105,3655,34.80952380952381,3550,0.885205021879836
1.6900746927188832e-05,0.9,FFD,105,3655,34.80952380952381,3550,0.8895035396047564
1.6900746927188832e-05,0.9,Linear,35,3655,104.42857142857143,3620,0.8894620540618265
1.6900746927188832e-05,0.9,cold,3655,3655,1.0,0,1.1255893805120514
1.6497617141336923e-05,0.1,BaryCDI,155,4545,29.322580645161292,4390,0.8934298421385293
1.6497617141336923e-05,0.1,FFD,145,4545,31.344827586206897,4400,0.8929443147093572
1.6497617141336923e-05,0.1,Linear,220,4545,20.65909090909091,4325,0.8924753054288207
1.6497617141336923e-05,0.1,cold,4545,4545,1.0,0,1.1649273516980998
1.6497617141336923e-05,0.2,BaryCDI,240,4550,18.958333333333332,4310,0.8957393858845564
1.6497617141336923e-05,0.2,FFD,195,4550,23.333333333333332,4355,0.8937932629190988
1.6497617141336923e-05,0.2,Linear,585,4550,7.777777777777778,3965,0.8943747689921108
1.6497617141336923e-05,0.2,cold,4550,4550,1.0,0,1.1447014248823129
1.6497617141336923e-05,0.3,BaryCDI,385,4465,11.597402597402597,4080,0.8895579842212692
1.6497617141336923e-05,0.3,FFD,195,4465,22.897435897435898,4270,0.8911622442012646
1.6497617141336923e-05,0.3,Linear,955,4465,4.675392670157068,3510,0.8878287412212785
1.6497617141336923e-05,0.3,cold,4465,4465,1.0,0,1.1463235469443103
1.6497617141336923e-05,0.4,BaryCDI,405,4220,10.419753086419753,3815,0.8867196907285112
1.6497617141336923e-05,0.4,FFD,215,4220,19.627906976744185,4005,0.8917146773613733
1.6497617141336923e-05,0.4,Linear,995,4220,4.241206030150754,3225,0.8914071933345948
1.6497617141336923e-05,0.4,cold,4220,4220,1.0,0,1.1475942285256973
1.6497617141336923e-05,0.5,BaryCDI,330,3960,12.0,3630,0.8901626429441865
1.6497617141336923e-05,0.5,FFD,220,3960,18.0,3740,0.8933370255581541
1.6497617141336923e-05,0.5,Linear,915,3960,4.327868852459017,3045,0.8920246599353192
1.6497617141336923e-05,0.5,cold,3960,3960,1.0,0,1.147097592089421
1.6497617141336923e-05,0.6,BaryCDI,325,3850,11.846153846153847,3525,0.8871387981017766
1.6497617141336923e-05,0.6,FFD,220,3850,17.5,3630,0.88984437715373
1.6497617141336923e-05,0.6,Linear,920,3850,4.184782608695652,2930,0.8925978372844733
1.6497617141336923e-05,0.6,cold,3850,3850,1.0,0,1.1272488395294218
1.6497617141336923e-05,0.7,BaryCDI,260,3855,14.826923076923077,3595,0.8862151377866058
1.6497617141336923e-05,0.7,FFD,210,3855,18.357142857142858,3645,0.8966419972530028
1.6497617141336923e-05,0.7,Linear,790,3855,4.879746835443038,3065,0.8909830633474856
1.6497617141336923e-05,0.7,cold,3855,3855,1.0,0,1.1264903407518556
1.6497617141336923e-05,0.8,BaryCDI,215,3835,17.837209302325583,3620,0.8840403940357099
1.6497617141336923e-05,0.8,FFD,195,3835,19.666666666666668,3640,0.8905387050721766
1.6497617141336923e-05,0.8,Linear,455,3835,8.428571428571429,3380,0.8892710053119885
1.6497617141336923e-05,0.8,cold,3835,3835,1.0,0,1.1204106090033423
1.6497617141336923e-05,0.9,BaryCDI,115,3695,32.130434782608695,3580,0.885205021879836
1.6497617141336923e-05,0.9,FFD,115,3695,32.130434782608695,3580,0.8895035396047564
1.6497617141336923e-05,0.9,Linear,40,3695,92.375,3655,0.8894620540618265
1.6497617141336923e-05,0.9,cold,3695,3695,1.0,0,1.1255893805120514
1.6104103121281676e-05,0.1,BaryCDI,180,4715,26.194444444444443,4535,0.8934298421385293
1.6104103121281676e-05,0.1,FFD,145,4715,32.51724137931034,4570,0.8929443147093572
1.6104103121281676e-05,0.1,Linear,355,4715,13.28169014084507,4360,0.8924753054288207
1.6104103121281676e-05,0.1,cold,4715,4715,1.0,0,1.1649273516980998
1.6104103121281676e-05,0.2,BaryCDI,250,4560,18.24,4310,0.8957393858845564
1.6104103121281676e-05,0.2,FFD,215,4560,21.209302325581394,4345,0.8937932629190988
1.6104103121281676e-05,0.2,Linear,645,4560,7.069767441860465,3915,0.8943747689921108
1.6104103121281676e-05,0.2,cold,4560,4560,1.0,0,1.1447014248823129
1.6104103121281676e-05,0.3,BaryCDI,395,4470,11.316455696202532,4075,0.8895579842212692
1.6104103121281676e-05,0.3,FFD,200,4470,22.35,4270,0.8911622442012646
1.6104103121281676e-05,0.3,Linear,1005,4470,4.447761194029851,3465,0.8878287412212785
1.6104103121281676e-05,0.3,cold,4470,4470,1.0,0,1.1463235469443103
1.6104103121281676e-05,0.4,BaryCDI,410,4285,10.451219512195122,3875,0.8867196907285112
1.6104103121281676e-05,0.4,FFD,220,4285,19.477272727272727,4065,0.8917146773613733
1.6104103121281676e-05,0.4,Linear,1005,4285,4.263681592039801,3280,0.8914071933345948
1.6104103121281676e-05,0.4,cold,4285,4285,1.0,0,1.1475942285256973
1.6104103121281676e-05,0.5,BaryCDI,345,3980,11.53623188405797,3635,0.8901626429441865
1.6104103121281676e-05,0.5,FFD,225,3980,17.68888888888889,3755,0.8933370255581541
1.6104103121281676e-05,0.5,Linear,985,3980,4.040609137055838,2995,0.8920246599353192
1.6104103121281676e-05,0.5,cold,3980,3980,1.0,0,1.147097592089421
1.6104103121281676e-05,0.6,BaryCDI,340,3865,11.367647058823529,3525,0.8871387981017766
1.6104103121281676e-05,0.6,FFD,230,3865,16.804347826086957,3635,0.88984437715373
1.6104103121281676e-05,0.6,Linear,945,3865,4.08994708994709,2920,0.8925978372844733
1.6104103121281676e-05,0.6,cold,3865,3865,1.0,0,1.1272488395294218
1.6104103121281676e-05,0.7,BaryCDI,270,3865,14.314814814814815,3595,0.8862151377866058
1.6104103121281676e-05,0.7,FFD,220,3865,17.568181818181817,3645,0.8966419972530028
1.6104103121281676e-05,0.7,Linear,825,3865,4.684848484848485,3040,0.8909830633474856
1.6104103121281676e-05,0.7,cold,3865,3865,1.0,0,1.1264903407518556
1.6104103121281676e-05,0.8,BaryCDI,225,3900,17.333333333333332,3675,0.8840403940357099
1.6104103121281676e-05,0.8,FFD,200,3900,19.5,3700,0.8905387050721766
1.6104103121281676e-05,0.8,Linear,485,3900,8.041237113402062,3415,0.8892710053119885
1.6104103121281676e-05,0.8,cold,3900,3900,1.0,0,1.1204106090033423
1.6104103121281676e-05,0.9,BaryCDI,125,3745,29.96,3620,0.885205021879836
1.6104103121281676e-05,0.9,FFD,120,3745,31.208333333333332,3625,0.8895035396047564
1.6104103121281676e-05,0.9,Linear,45,3745,83.22222222222223,3700,0.8894620540618265
1.6104103121281676e-05,0.9,cold,3745,3745,1.0,0,1.1255893805120514
1.5719975504284152e-05,0.1,BaryCDI,180,4750,26.38888888888889,4570,0.8934298421385293
1.5719975504284152e-05,0.1,FFD,150,4750,31.666666666666668,4600,0.8929443147093572
1.5719975504284152e-05,0.1,Linear,360,4750,13.194444444444445,4390,0.8924753054288207
1.5719975504284152e-05,0.1,cold,4750,4750,1.0,0,1.1649273516980998
1.5719975504284152e-05,0.2,BaryCDI,255,4620,18.11764705882353,4365,0.8957393858845564
1.5719975504284152e-05,0.2,FFD,220,4620,21.0,4400,0.8937932629190988
1.5719975504284152e-05,0.2,Linear,655,4620,7.0534351145038165,3965,0.8943747689921108
1.5719975504284152e-05,0.2,cold,4620,4620,1.0,0,1.1447014248823129
1.5719975504284152e-05,0.3,BaryCDI,460,4475,9.728260869565217,4015,0.8895579842212692
1.5719975504284152e-05,0.3,FFD,205,4475,21.829268292682926,4270,0.8911622442012646
1.5719975504284152e-05,0.3,Linear,1010,4475,4.430693069306931,3465,0.8878287412212785
1.5719975504284152e-05,0.3,cold,4475,4475,1.0,0,1.1463235469443103
1.5719975504284152e-05,0.4,BaryCDI,420,4290,10.214285714285714,3870,0.8867196907285112
1.5719975504284152e-05,0.4,FFD,225,4290,19.066666666666666,4065,0.8917146773613733
1.5719975504284152e-05,0.4,Linear,1065,4290,4.028169014084507,3225,0.8914071933345948
1.5719975504284152e-05,0.4,cold,4290,4290,1.0,0,1.1475942285256973
1.5719975504284152e-05,0.5,BaryCDI,360,4010,11.13888888888889,3650,0.8901626429441865
1.5719975504284152e-05,0.5,FFD,230,4010,17.434782608695652,3780,0.8933370255581541
1.5719975504284152e-05,0.5,Linear,995,4010,4.030150753768845,3015,0.8920246599353192
1.5719975504284152e-05,0.5,cold,4010,4010,1.0,0,1.147097592089421
1.5719975504284152e-05,0.6,BaryCDI,350,3905,11.157142857142857,3555,0.8871387981017766
1.5719975504284152e-05,0.6,FFD,235,3905,16.617021276595743,3670,0.88984437715373
1.5719975504284152e-05,0.6,Linear,950,3905,4.110526315789474,2955,0.8925978372844733
1.5719975504284152e-05,0.6,cold,3905,3905,1.0,0,1.1272488395294218
1.5719975504284152e-05,0.7,BaryCDI,285,3885,13.631578947368421,3600,0.8862151377866058
1.5719975504284152e-05,0.7,FFD,225,3885,17.266666666666666,3660,0.8966419972530028
1.5719975504284152e-05,0.7,Linear,865,3885,4.491329479768786,3020,0.8909830633474856
1.5719975504284152e-05,0.7,cold,3885,3885,1.0,0,1.1264903407518556
1.5719975504284152e-05,0.8,BaryCDI,235,3960,16.851063829787233,3725,0.8840403940357099
1.5719975504284152e-05,0.8,FFD,205,3960,19.317073170731707,3755,0.8905387050721766
1.5719975504284152e-05,0.8,Linear,495,3960,8.0,3465,0.8892710053119885
1.5719975504284152e-05,0.8,cold,3960,3960,1.0,0,1.1204106090033423
1.5719975504284152e-05,0.9,BaryCDI,135,3765,27.88888888888889,3630,0.885205021879836
1.5719975504284152e-05,0.9,FFD,140,3765,26.892857142857142,3625,0.8895035396047564
1.5719975504284152e-05,0.9,Linear,50,3765,75.3,3715,0.8894620540618265
1.5719975504284152e-05,0.9,cold,3765,3765,1.0,0,1.1255893805120514
1.53450103985441e-05,0.1,BaryCDI,185,4760,25.72972972972973,4575,0.8934298421385293
1.53450103985441e-05,0.1,FFD,150,4760,31.733333333333334,4610,0.8929443147093572
1.53450103985441e-05,0.1,Linear,390,4760,12.205128205128204,4370,0.8924753054288207
1.53450103985441e-05,0.1,cold,4760,4760,1.0,0,1.1649273516980998
1.53450103985441e-05,0.2,BaryCDI,265,4640,17.50943396226415,4375,0.8957393858845564
1.53450103985441e-05,0.2,FFD,230,4640,20.17391304347826,4410,0.8937932629190988
1.53450103985441e-05,0.2,Linear,720,4640,6.444444444444445,3920,0.8943747689921108
1.53450103985441e-05,0.2,cold,4640,4640,1.0,0,1.1447014248823129
1.53450103985441e-05,0.3,BaryCDI,490,4605,9.39795918367347,4115,0.8895579842212692
1.53450103985441e-05,0.3,FFD,210,4605,21.928571428571427,4395,0.8911622442012646
1.53450103985441e-05,0.3,Linear,1020,4605,4.514705882352941,3585,0.8878287412212785
1.53450103985441e-05,0.3,cold,4605,4605,1.0,0,1.1463235469443103
1.53450103985441e-05,0.4,BaryCDI,430,4415,10.267441860465116,3985,0.8867196907285112
1.53450103985441e-05,0.4,FFD,230,4415,19.195652173913043,4185,0.8917146773613733
1.53450103985441e-05,0.4,Linear,1125,4415,3.9244444444444446,3290,0.8914071933345948
1.53450103985441e-05,0.4,cold,4415,4415,1.0,0,1.1475942285256973
1.53450103985441e-05,0.5,BaryCDI,365,4060,11.123287671232877,3695,0.8901626429441865
1.53450103985441e-05,0.5,FFD,240,4060,16.916666666666668,3820,0.8933370255581541
1.53450103985441e-05,0.5,Linear,1015,4060,4.0,3045,0.8920246599353192
1.53450103985441e-05,0.5,cold,4060,4060,1.0,0,1.147097592089421
1.53450103985441e-05,0.6,BaryCDI,355,3915,11.028169014084508,3560,0.8871387981017766
1.53450103985441e-05,0.6,FFD,240,3915,16.3125,3675,0.88984437715373
1.53450103985441e-05,0.6,Linear,960,3915,4.078125,2955,0.8925978372844733
1.53450103985441e-05,0.6,cold,3915,3915,1.0,0,1.1272488395294218
1.53450103985441e-05,0.7,BaryCDI,295,3900,13.220338983050848,3605,0.8862151377866058
1.53450103985441e-05,0.7,FFD,230,3900,16.956521739130434,3670,0.8966419972530028
1.53450103985441e-05,0.7,Linear,870,3900,4.482758620689655,3030,0.8909830633474856
1.53450103985441e-05,0.7,cold,3900,3900,1.0,0,1.1264903407518556
1.53450103985441e-05,0.8,BaryCDI,240,3970,16.541666666666668,3730,0.8840403940357099
1.53450103985441e-05,0.8,FFD,220,3970,18.045454545454547,3750,0.8905387050721766
1.53450103985441e-05,0.8,Linear,550,3970,7.218181818181818,3420,0.8892710053119885
1.53450103985441e-05,0.8,cold,3970,3970,1.0,0,1.1204106090033423
1.53450103985441e-05,0.9,BaryCDI,140,3780,27.0,3640,0.885205021879836
1.53450103985441e-05,0.9,FFD,145,3780,26.06896551724138,3635,0.8895035396047564
1.53450103985441e-05,0.9,Linear,55,3780,68.72727272727273,3725,0.8894620540618265
1.53450103985441e-05,0.9,cold,3780,3780,1.0,0,1.1255893805120514
1.4978989252702954e-05,0.1,BaryCDI,215,4920,22.88372093023256,4705,0.8934298421385293
1.4978989252702954e-05,0.1,FFD,155,4920,31.741935483870968,4765,0.8929443147093572
1.4978989252702954e-05,0.1,Linear,390,4920,12.615384615384615,4530,0.8924753054288207
1.4978989252702954e-05,0.1,cold,4920,4920,1.0,0,1.1649273516980998
1.4978989252702954e-05,0.2,BaryCDI,280,4665,16.660714285714285,4385,0.8957393858845564
1.4978989252702954e-05,0.2,FFD,240,4665,19.4375,4425,0.8937932629190988
1.4978989252702954e-05,0.2,Linear,755,4665,6.178807947019868,3910,0.8943747689921108
1.4978989252702954e-05,0.2,cold,4665,4665,1.0,0,1.1447014248823129
1.4978989252702954e-05,0.3,BaryCDI,520,4610,8.865384615384615,4090,0.8895579842212692
1.4978989252702954e-05,0.3,FFD,215,4610,21.441860465116278,4395,0.8911622442012646
1.4978989252702954e-05,0.3,Linear,1085,4610,4.248847926267281,3525,0.8878287412212785
1.4978989252702954e-05,0.3,cold,4610,4610,1.0,0,1.1463235469443103
1.4978989252702954e-05,0.4,BaryCDI,440,4415,10.034090909090908,3975,0.8867196907285112
1.4978989252702954e-05,0.4,FFD,235,4415,18.78723404255319,4180,0.8917146773613733
1.4978989252702954e-05,0.4,Linear,1140,4415,3.8728070175438596,3275,0.8914071933345948
1.4978989252702954e-05,0.4,cold,4415,4415,1.0,0,1.1475942285256973
1.4978989252702954e-05,0.5,BaryCDI,375,4110,10.96,3735,0.8901626429441865
1.4978989252702954e-05,0.5,FFD,245,4110,16.775510204081634,3865,0.8933370255581541
1.4978989252702954e-05,0.5,Linear,1025,4110,4.009756097560976,3085,0.8920246599353192
1.4978989252702954e-05,0.5,cold,4110,4110,1.0,0,1.147097592089421
1.4978989252702954e-05,0.6,BaryCDI,360,3970,11.027777777777779,3610,0.8871387981017766
1.4978989252702954e-05,0.6,FFD,245,3970,16.20408163265306,3725,0.88984437715373
1.4978989252702954e-05,0.6,Linear,965,3970,4.1139896373057,3005,0.8925978372844733
1.4978989252702954e-05,0.6,cold,3970,3970,1.0,0,1.1272488395294218
1.4978989252702954e-05,0.7,BaryCDI,305,3975,13.032786885245901,3670,0.8862151377866058
1.4978989252702954e-05,0.7,FFD,235,3975,16.914893617021278,3740,0.8966419972530028
1.4978989252702954e-05,0.7,Linear,880,3975,4.517045454545454,3095,0.8909830633474856
1.4978989252702954e-05,0.7,cold,3975,3975,1.0,0,1.1264903407518556
1.4978989252702954e-05,0.8,BaryCDI,245,4015,16.387755102040817,3770,0.8840403940357099
1.4978989252702954e-05,0.8,FFD,225,4015,17.844444444444445,3790,0.8905387050721766
1.4978989252702954e-05,0.8,Linear,575,4015,6.982608695652174,3440,0.8892710053119885
1.4978989252702954e-05,0.8,cold,4015,4015,1.0,0,1.1204106090033423
1.4978989252702954e-05,0.9,BaryCDI,145,3805,26.24137931034483,3660,0.885205021879836
1.4978989252702954e-05,0.9,FFD,150,3805,25.366666666666667,3655,0.8895035396047564
1.4978989252702954e-05,0.9,Linear,60,3805,63.416666666666664,3745,0.8894620540618265
1.4978989252702954e-05,0.9,cold,3805,3805,1.0,0,1.1255893805120514
1.4621698728459565e-05,0.1,BaryCDI,220,4925,22.386363636363637,4705,0.8934298421385293
1.4621698728459565e-05,0.1,FFD,180,4925,27.36111111111111,4745,0.8929443147093572
1.4621698728459565e-05,0.1,Linear,395,4925,12.468354430379748,4530,0.8924753054288207
1.4621698728459565e-05,0.1,cold,4925,4925,1.0,0,1.1649273516980998
1.4621698728459565e-05,0.2,BaryCDI,305,4695,15.39344262295082,4390,0.8957393858845564
1.4621698728459565e-05,0.2,FFD,250,4695,18.78,4445,0.8937932629190988
1.4621698728459565e-05,0.2,Linear,785,4695,5.980891719745223,3910,0.8943747689921108
1.4621698728459565e-05,0.2,cold,4695,4695,1.0,0,1.1447014248823129
1.4621698728459565e-05,0.3,BaryCDI,520,4620,8.884615384615385,4100,0.8895579842212692
1.4621698728459565e-05,0.3,FFD,240,4620,19.25,4380,0.8911622442012646
1.4621698728459565e-05,0.3,Linear,1095,4620,4.219178082191781,3525,0.8878287412212785
1.4621698728459565e-05,0.3,cold,4620,4620,1.0,0,1.1463235469443103
1.4621698728459565e-05,0.4,BaryCDI,555,4430,7.981981981981982,3875,0.8867196907285112
1.4621698728459565e-05,0.4,FFD,240,4430,18.458333333333332,4190,0.8917146773613733
1.4621698728459565e-05,0.4,Linear,1255,4430,3.5298804780876494,3175,0.8914071933345948
1.4621698728459565e-05,0.4,cold,4430,4430,1.0,0,1.1475942285256973
1.4621698728459565e-05,0.5,BaryCDI,385,4140,10.753246753246753,3755,0.8901626429441865
1.4621698728459565e-05,0.5,FFD,250,4140,16.56,3890,0.8933370255581541
1.4621698728459565e-05,0.5,Linear,1045,4140,3.9617224880382773,3095,0.8920246599353192
1.4621698728459565e-05,0.5,cold,4140,4140,1.0,0,1.147097592089421
1.4621698728459565e-05,0.6,BaryCDI,375,4020,10.72,3645,0.8871387981017766
1.4621698728459565e-05,0.6,FFD,250,4020,16.08,3770,0.88984437715373
1.4621698728459565e-05,0.6,Linear,980,4020,4.1020408163265305,3040,0.8925978372844733
1.4621698728459565e-05,0.6,cold,4020,4020,1.0,0,1.1272488395294218
1.4621698728459565e-05,0.7,BaryCDI,315,4015,12.746031746031745,3700,0.8862151377866058
1.4621698728459565e-05,0.7,FFD,240,4015,16.729166666666668,3775,0.8966419972530028
1.4621698728459565e-05,0.7,Linear,890,4015,4.51123595505618,3125,0.8909830633474856
1.4621698728459565e-05,0.7,cold,4015,4015,1.0,0,1.1264903407518556
1.4621698728459565e-05,0.8,BaryCDI,250,4035,16.14,3785,0.8840403940357099
1.4621698728459565e-05,0.8,FFD,230,4035,17.543478260869566,3805,0.8905387050721766
1.4621698728459565e-05,0.8,Linear,590,4035,6.838983050847458,3445,0.8892710053119885
1.4621698728459565e-05,0.8,cold,4035,4035,1.0,0,1.1204106090033423
1.4621698728459565e-05,0.9,BaryCDI,155,3820,24.64516129032258,3665,0.885205021879836
1.4621698728459565e-05,0.9,FFD,165,3820,23.151515151515152,3655,0.8895035396047564
1.4621698728459565e-05,0.9,Linear,65,3820,58.76923076923077,3755,0.8894620540618265
1.4621698728459565e-05,0.9,cold,3820,3820,1.0,0,1.1255893805120514
1.4272930576224092e-05,0.1,BaryCDI,220,4925,22.386363636363637,4705,0.8934298421385293
1.4272930576224092e-05,0.1,FFD,180,4925,27.36111111111111,4745,0.8929443147093572
1.4272930576224092e-05,0.1,Linear,425,4925,11.588235294117647,4500,0.8924753054288207
1.4272930576224092e-05,0.1,cold,4925,4925,1.0,0,1.1649273516980998
1.4272930576224092e-05,0.2,BaryCDI,310,4865,15.693548387096774,4555,0.8957393858845564
1.4272930576224092e-05,0.2,FFD,285,4865,17.07017543859649,4580,0.8937932629190988
1.4272930576224092e-05,0.2,Linear,810,4865,6.006172839506172,4055,0.8943747689921108
1.4272930576224092e-05,0.2,cold,4865,4865,1.0,0,1.1447014248823129
1.4272930576224092e-05,0.3,BaryCDI,525,4695,8.942857142857143,4170,0.8895579842212692
1.4272930576224092e-05,0.3,FFD,245,4695,19.163265306122447,4450,0.8911622442012646
1.4272930576224092e-05,0.3,Linear,1225,4695,3.83265306122449,3470,0.8878287412212785
1.4272930576224092e-05,0.3,cold,4695,4695,1.0,0,1.1463235469443103
1.4272930576224092e-05,0.4,BaryCDI,560,4540,8.107142857142858,3980,0.8867196907285112
1.4272930576224092e-05,0.4,FFD,245,4540,18.53061224489796,4295,0.8917146773613733
1.4272930576224092e-05,0.4,Linear,1260,4540,3.6031746031746033,3280,0.8914071933345948
1.4272930576224092e-05,0.4,cold,4540,4540,1.0,0,1.1475942285256973
1.4272930576224092e-05,0.5,BaryCDI,395,4160,10.531645569620252,3765,0.8901626429441865
1.4272930576224092e-05,0.5,FFD,255,4160,16.313725490196077,3905,0.8933370255581541
1.4272930576224092e-05,0.5,Linear,1055,4160,3.943127962085308,3105,0.8920246599353192
1.4272930576224092e-05,0.5,cold,4160,4160,1.0,0,1.147097592089421
1.4272930576224092e-05,0.6,BaryCDI,385,4030,10.467532467532468,3645,0.8871387981017766
1.4272930576224092e-05,0.6,FFD,260,4030,15.5,3770,0.88984437715373
1.4272930576224092e-05,0.6,Linear,995,4030,4.050251256281407,3035,0.8925978372844733
1.4272930576224092e-05,0.6,cold,4030,4030,1.0,0,1.1272488395294218
1.4272930576224092e-05,0.7,BaryCDI,320,4055,12.671875,3735,0.8862151377866058
1.4272930576224092e-05,0.7,FFD,250,4055,16.22,3805,0.8966419972530028
1.4272930576224092e-05,0.7,Linear,930,4055,4.360215053763441,3125,0.8909830633474856
1.4272930576224092e-05,0.7,cold,4055,4055,1.0,0,1.1264903407518556
1.4272930576224092e-05,0.8,BaryCDI,255,4040,15.843137254901961,3785,0.8840403940357099
1.4272930576224092e-05,0.8,FFD,240,4040,16.833333333333332,3800,0.8905387050721766
1.4272930576224092e-05,0.8,Linear,625,4040,6.464,3415,0.8892710053119885
1.4272930576224092e-05,0.8,cold,4040,4040,1.0,0,1.1204106090033423
1.4272930576224092e-05,0.9,BaryCDI,160,3875,24.21875,3715,0.885205021879836
1.4272930576224092e-05,0.9,FFD,175,3875,22.142857142857142,3700,0.8895035396047564
1.4272930576224092e-05,0.9,Linear,70,3875,55.357142857142854,3805,0.8894620540618265
1.4272930576224092e-05,0.9,cold,3875,3875,1.0,0,1.1255893805120514
1.3932481513738197e-05,0.1,BaryCDI,250,4955,19.82,4705,0.8934298421385293
1.3932481513738197e-05,0.1,FFD,185,4955,26.783783783783782,4770,0.8929443147093572
1.3932481513738197e-05,0.1,Linear,590,4955,8.398305084745763,4365,0.8924753054288207
1.3932481513738197e-05,0.1,cold,4955,4955,1.0,0,1.1649273516980998
1.3932481513738197e-05,0.2,BaryCDI,385,4875,12.662337662337663,4490,0.8957393858845564
1.3932481513738197e-05,0.2,FFD,290,4875,16.810344827586206,4585,0.8937932629190988
1.3932481513738197e-05,0.2,Linear,870,4875,5.603448275862069,4005,0.8943747689921108
1.3932481513738197e-05,0.2,cold,4875,4875,1.0,0,1.1447014248823129
1.3932481513738197e-05,0.3,BaryCDI,535,4730,8.841121495327103,4195,0.8895579842212692
1.3932481513738197e-05,0.3,FFD,250,4730,18.92,4480,0.8911622442012646
1.3932481513738197e-05,0.3,Linear,1240,4730,3.814516129032258,3490,0.8878287412212785
1.3932481513738197e-05,0.3,cold,4730,4730,1.0,0,1.1463235469443103
1.3932481513738197e-05,0.4,BaryCDI,570,4545,7.973684210526316,3975,0.8867196907285112
1.3932481513738197e-05,0.4,FFD,250,4545,18.18,4295,0.8917146773613733
1.3932481513738197e-05,0.4,Linear,1325,4545,3.430188679245283,3220,0.8914071933345948
1.3932481513738197e-05,0.4,cold,4545,4545,1.0,0,1.1475942285256973
1.3932481513738197e-05,0.5,BaryCDI,410,4175,10.182926829268293,3765,0.8901626429441865
1.3932481513738197e-05,0.5,FFD,265,4175,15.754716981132075,3910,0.8933370255581541
1.3932481513738197e-05,0.5,Linear,1115,4175,3.7443946188340806,3060,0.8920246599353192
1.3932481513738197e-05,0.5,cold,4175,4175,1.0,0,1.147097592089421
1.3932481513738197e-05,0.6,BaryCDI,405,4130,10.197530864197532,3725,0.8871387981017766
1.3932481513738197e-05,0.6,FFD,270,4130,15.296296296296296,3860,0.88984437715373
1.3932481513738197e-05,0.6,Linear,1010,4130,4.089108910891089,3120,0.8925978372844733
1.3932481513738197e-05,0.6,cold,4130,4130,1.0,0,1.1272488395294218
1.3932481513738197e-05,0.7,BaryCDI,330,4130,12.515151515151516,3800,0.8862151377866058
1.3932481513738197e-05,0.7,FFD,255,4130,16.19607843137255,3875,0.8966419972530028
1.3932481513738197e-05,0.7,Linear,940,4130,4.3936170212765955,3190,0.8909830633474856
1.3932481513738197e-05,0.7,cold,4130,4130,1.0,0,1.1264903407518556
1.3932481513738197e-05,0.8,BaryCDI,265,4105,15.49056603773585,3840,0.8840403940357099
1.3932481513738197e-05,0.8,FFD,245,4105,16.755102040816325,3860,0.8905387050721766
1.3932481513738197e-05,0.8,Linear,660,4105,6.21969696969697,3445,0.8892710053119885
1.3932481513738197e-05,0.8,cold,4105,4105,1.0,0,1.1204106090033423
1.3932481513738197e-05,0.9,BaryCDI,165,3935,23.848484848484848,3770,0.885205021879836
1.3932481513738197e-05,0.9,FFD,180,3935,21.86111111111111,3755,0.8895035396047564
1.3932481513738197e-05,0.9,Linear,75,3935,52.46666666666667,3860,0.8894620540618265
1.3932481513738197e-05,0.9,cold,3935,3935,1.0,0,1.1255893805120514
1.360015310759046e-05,0.1,BaryCDI,290,4960,17.103448275862068,4670,0.8934298421385293
1.360015310759046e-05,0.1,FFD,185,4960,26.81081081081081,4775,0.8929443147093572
1.360015310759046e-05,0.1,Linear,590,4960,8.40677966101695,4370,0.8924753054288207
1.360015310759046e-05,0.1,cold,4960,4960,1.0,0,1.1649273516980998
1.360015310759046e-05,0.2,BaryCDI,420,4885,11.630952380952381,4465,0.8957393858845564
1.360015310759046e-05,0.2,FFD,290,4885,16.844827586206897,4595,0.8937932629190988
1.360015310759046e-05,0.2,Linear,885,4885,5.519774011299435,4000,0.8943747689921108
1.360015310759046e-05,0.2,cold,4885,4885,1.0,0,1.1447014248823129
1.360015310759046e-05,0.3,BaryCDI,615,4755,7.7317073170731705,4140,0.8895579842212692
1.360015310759046e-05,0.3,FFD,265,4755,17.943396226415093,4490,0.8911622442012646
1.360015310759046e-05,0.3,Linear,1380,4755,3.4456521739130435,3375,0.8878287412212785
1.360015310759046e-05,0.3,cold,4755,4755,1.0,0,1.1463235469443103
1.360015310759046e-05,0.4,BaryCDI,620,4560,7.354838709677419,3940,0.8867196907285112
1.360015310759046e-05,0.4,FFD,260,4560,17.53846153846154,4300,0.8917146773613733
1.360015310759046e-05,0.4,Linear,1460,4560,3.1232876712328768,3100,0.8914071933345948
1.360015310759046e-05,0.4,cold,4560,4560,1.0,0,1.1475942285256973
1.360015310759046e-05,0.5,BaryCDI,435,4240,9.74712643678161,3805,0.8901626429441865
1.360015310759046e-05,0.5,FFD,275,4240,15.418181818181818,3965,0.8933370255581541
1.360015310759046e-05,0.5,Linear,1140,4240,3.719298245614035,3100,0.8920246599353192
1.360015310759046e-05,0.5,cold,4240,4240,1.0,0,1.147097592089421
1.360015310759046e-05,0.6,BaryCDI,420,4190,9.976190476190476,3770,0.8871387981017766
1.360015310759046e-05,0.6,FFD,280,4190,14.964285714285714,3910,0.88984437715373
1.360015310759046e-05,0.6,Linear,1040,4190,4.028846153846154,3150,0.8925978372844733
1.360015310759046e-05,0.6,cold,4190,4190,1.0,0,1.1272488395294218
1.360015310759046e-05,0.7,BaryCDI,345,4135,11.985507246376812,3790,0.8862151377866058
1.360015310759046e-05,0.7,FFD,260,4135,15.903846153846153,3875,0.8966419972530028
1.360015310759046e-05,0.7,Linear,1070,4135,3.864485981308411,3065,0.8909830633474856
1.360015310759046e-05,0.7,cold,4135,4135,1.0,0,1.1264903407518556
1.360015310759046e-05,0.8,BaryCDI,285,4160,14.596491228070175,3875,0.8840403940357099
1.360015310759046e-05,0.8,FFD,250,4160,16.64,3910,0.8905387050721766
1.360015310759046e-05,0.8,Linear,680,4160,6.117647058823529,3480,0.8892710053119885
1.360015310759046e-05,0.8,cold,4160,4160,1.0,0,1.1204106090033423
1.360015310759046e-05,0.9,BaryCDI,170,3945,23.205882352941178,3775,0.885205021879836
1.360015310759046e-05,0.9,FFD,190,3945,20.763157894736842,3755,0.8895035396047564
1.360015310759046e-05,0.9,Linear,120,3945,32.875,3825,0.8894620540618265
1.360015310759046e-05,0.9,cold,3945,3945,1.0,0,1.1255893805120514
1.3275751657557742e-05,0.1,BaryCDI,325,4965,15.276923076923078,4640,0.8934298421385293
1.3275751657557742e-05,0.1,FFD,215,4965,23.093023255813954,4750,0.8929443147093572
1.3275751657557742e-05,0.1,Linear,595,4965,8.344537815126051,4370,0.8924753054288207
1.3275751657557742e-05,0.1,cold,4965,4965,1.0,0,1.1649273516980998
1.3275751657557742e-05,0.2,BaryCDI,425,4935,11.611764705882353,4510,0.8957393858845564
1.3275751657557742e-05,0.2,FFD,320,4935,15.421875,4615,0.8937932629190988
1.3275751657557742e-05,0.2,Linear,915,4935,5.39344262295082,4020,0.8943747689921108
1.3275751657557742e-05,0.2,cold,4935,4935,1.0,0,1.1447014248823129
1.3275751657557742e-05,0.3,BaryCDI,655,4760,7.267175572519084,4105,0.8895579842212692
1.3275751657557742e-05,0.3,FFD,270,4760,17.62962962962963,4490,0.8911622442012646
1.3275751657557742e-05,0.3,Linear,1445,4760,3.2941176470588234,3315,0.8878287412212785
1.3275751657557742e-05,0.3,cold,4760,4760,1.0,0,1.1463235469443103
1.3275751657557742e-05,0.4,BaryCDI,625,4675,7.48,4050,0.8867196907285112
1.3275751657557742e-05,0.4,FFD,265,4675,17.641509433962263,4410,0.8917146773613733
1.3275751657557742e-05,0.4,Linear,1520,4675,3.075657894736842,3155,0.8914071933345948
1.3275751657557742e-05,0.4,cold,4675,4675,1.0,0,1.1475942285256973
1.3275751657557742e-05,0.5,BaryCDI,445,4260,9.573033707865168,3815,0.8901626429441865
1.3275751657557742e-05,0.5,FFD,285,4260,14.947368421052632,3975,0.8933370255581541
1.3275751657557742e-05,0.5,Linear,1200,4260,3.55,3060,0.8920246599353192
1.3275751657557742e-05,0.5,cold,4260,4260,1.0,0,1.147097592089421
1.3275751657557742e-05,0.6,BaryCDI,445,4230,9.50561797752809,3785,0.8871387981017766
1.3275751657557742e-05,0.6,FFD,285,4230,14.842105263157896,3945,0.88984437715373
1.3275751657557742e-05,0.6,Linear,1055,4230,4.009478672985782,3175,0.8925978372844733
1.3275751657557742e-05,0.6,cold,4230,4230,1.0,0,1.1272488395294218
1.3275751657557742e-05,0.7,BaryCDI,350,4170,11.914285714285715,3820,0.8862151377866058
1.3275751657557742e-05,0.7,FFD,265,4170,15.735849056603774,3905,0.8966419972530028
1.3275751657557742e-05,0.7,Linear,1080,4170,3.861111111111111,3090,0.8909830633474856
1.3275751657557742e-05,0.7,cold,4170,4170,1.0,0,1.1264903407518556
1.3275751657557742e-05,0.8,BaryCDI,295,4165,14.11864406779661,3870,0.8840403940357099
1.3275751657557742e-05,0.8,FFD,255,4165,16.333333333333332,3910,0.8905387050721766
1.3275751657557742e-05,0.8,Linear,800,4165,5.20625,3365,0.8892710053119885
1.3275751657557742e-05,0.8,cold,4165,4165,1.0,0,1.1204106090033423
1.3275751657557742e-05,0.9,BaryCDI,180,3955,21.97222222222222,3775,0.885205021879836
1.3275751657557742e-05,0.9,FFD,195,3955,20.28205128205128,3760,0.8895035396047564
1.3275751657557742e-05,0.9,Linear,155,3955,25.516129032258064,3800,0.8894620540618265
1.3275751657557742e-05,0.9,cold,3955,3955,1.0,0,1.1255893805120514
1.2959088083705568e-05,0.1,BaryCDI,360,5130,14.25,4770,0.8934298421385293
1.2959088083705568e-05,0.1,FFD,220,5130,23.318181818181817,4910,0.8929443147093572
1.2959088083705568e-05,0.1,Linear,595,5130,8.621848739495798,4535,0.8924753054288207
1.2959088083705568e-05,0.1,cold,5130,5130,1.0,0,1.1649273516980998
1.2959088083705568e-05,0.2,BaryCDI,455,4940,10.857142857142858,4485,0.8957393858845564
1.2959088083705568e-05,0.2,FFD,325,4940,15.2,4615,0.8937932629190988
1.2959088083705568e-05,0.2,Linear,980,4940,5.040816326530612,3960,0.8943747689921108
1.2959088083705568e-05,0.2,cold,4940,4940,1.0,0,1.1447014248823129
1.2959088083705568e-05,0.3,BaryCDI,660,4830,7.318181818181818,4170,0.8895579842212692
1.2959088083705568e-05,0.3,FFD,275,4830,17.563636363636363,4555,0.8911622442012646
1.2959088083705568e-05,0.3,Linear,1600,4830,3.01875,3230,0.8878287412212785
1.2959088083705568e-05,0.3,cold,4830,4830,1.0,0,1.1463235469443103
1.2959088083705568e-05,0.4,BaryCDI,695,4675,6.726618705035971,3980,0.8867196907285112
1.2959088083705568e-05,0.4,FFD,270,4675,17.314814814814813,4405,0.8917146773613733
1.2959088083705568e-05,0.4,Linear,1585,4675,2.949526813880126,3090,0.8914071933345948
1.2959088083705568e-05,0.4,cold,4675,4675,1.0,0,1.1475942285256973
1.2959088083705568e-05,0.5,BaryCDI,480,4265,8.885416666666666,3785,0.8901626429441865
1.2959088083705568e-05,0.5,FFD,290,4265,14.706896551724139,3975,0.8933370255581541
1.2959088083705568e-05,0.5,Linear,1245,4265,3.42570281124498,3020,0.8920246599353192
1.2959088083705568e-05,0.5,cold,4265,4265,1.0,0,1.147097592089421
1.2959088083705568e-05,0.6,BaryCDI,505,4245,8.405940594059405,3740,0.8871387981017766
1.2959088083705568e-05,0.6,FFD,295,4245,14.389830508474576,3950,0.88984437715373
1.2959088083705568e-05,0.6,Linear,1070,4245,3.967289719626168,3175,0.8925978372844733
1.2959088083705568e-05,0.6,cold,4245,4245,1.0,0,1.1272488395294218
1.2959088083705568e-05,0.7,BaryCDI,360,4175,11.597222222222221,3815,0.8862151377866058
1.2959088083705568e-05,0.7,FFD,275,4175,15.181818181818182,3900,0.8966419972530028
1.2959088083705568e-05,0.7,Linear,1150,4175,3.630434782608696,3025,0.8909830633474856
1.2959088083705568e-05,0.7,cold,4175,4175,1.0,0,1.1264903407518556
1.2959088083705568e-05,0.8,BaryCDI,305,4185,13.721311475409836,3880,0.8840403940357099
1.2959088083705568e-05,0.8,FFD,260,4185,16.096153846153847,3925,0.8905387050721766
1.2959088083705568e-05,0.8,Linear,830,4185,5.042168674698795,3355,0.8892710053119885
1.2959088083705568e-05,0.8,cold,4185,4185,1.0,0,1.1204106090033423
1.2959088083705568e-05,0.9,BaryCDI,190,3980,20.94736842105263,3790,0.885205021879836
1.2959088083705568e-05,0.9,FFD,195,3980,20.41025641025641,3785,0.8895035396047564
1.2959088083705568e-05,0.9,Linear,175,3980,22.742857142857144,3805,0.8894620540618265
1.2959088083705568e-05,0.9,cold,3980,3980,1.0,0,1.1255893805120514
1.2649977816181491e-05,0.1,BaryCDI,390,5165,13.243589743589743,4775,0.8934298421385293
1.2649977816181491e-05,0.1,FFD,355,5165,14.549295774647888,4810,0.8929443147093572
1.2649977816181491e-05,0.1,Linear,630,5165,8.198412698412698,4535,0.8924753054288207
1.2649977816181491e-05,0.1,cold,5165,5165,1.0,0,1.1649273516980998
1.2649977816181491e-05,0.2,BaryCDI,460,4945,10.75,4485,0.8957393858845564
1.2649977816181491e-05,0.2,FFD,385,4945,12.844155844155845,4560,0.8937932629190988
1.2649977816181491e-05,0.2,Linear,1055,4945,4.687203791469194,3890,0.8943747689921108
1.2649977816181491e-05,0.2,cold,4945,4945,1.0,0,1.1447014248823129
1.2649977816181491e-05,0.3,BaryCDI,665,4995,7.511278195488722,4330,0.8895579842212692
1.2649977816181491e-05,0.3,FFD,280,4995,17.839285714285715,4715,0.8911622442012646
1.2649977816181491e-05,0.3,Linear,1605,4995,3.1121495327102804,3390,0.8878287412212785
1.2649977816181491e-05,0.3,cold,4995,4995,1.0,0,1.1463235469443103
1.2649977816181491e-05,0.4,BaryCDI,700,4680,6.685714285714286,3980,0.8867196907285112
1.2649977816181491e-05,0.4,FFD,280,4680,16.714285714285715,4400,0.8917146773613733
1.2649977816181491e-05,0.4,Linear,1595,4680,2.9341692789968654,3085,0.8914071933345948
1.2649977816181491e-05,0.4,cold,4680,4680,1.0,0,1.1475942285256973
1.2649977816181491e-05,0.5,BaryCDI,490,4360,8.89795918367347,3870,0.8901626429441865
1.2649977816181491e-05,0.5,FFD,295,4360,14.779661016949152,4065,0.8933370255581541
1.2649977816181491e-05,0.5,Linear,1255,4360,3.4741035856573705,3105,0.8920246599353192
1.2649977816181491e-05,0.5,cold,4360,4360,1.0,0,1.147097592089421
1.2649977816181491e-05,0.6,BaryCDI,545,4250,7.798165137614679,3705,0.8871387981017766
1.2649977816181491e-05,0.6,FFD,305,4250,13.934426229508198,3945,0.88984437715373
1.2649977816181491e-05,0.6,Linear,1165,4250,3.648068669527897,3085,0.8925978372844733
1.2649977816181491e-05,0.6,cold,4250,4250,1.0,0,1.1272488395294218
1.2649977816181491e-05,0.7,BaryCDI,380,4180,11.0,3800,0.8862151377866058
1.2649977816181491e-05,0.7,FFD,285,4180,14.666666666666666,3895,0.8966419972530028
1.2649977816181491e-05,0.7,Linear,1155,4180,3.619047619047619,3025,0.8909830633474856
1.2649977816181491e-05,0.7,cold,4180,4180,1.0,0,1.1264903407518556
1.2649977816181491e-05,0.8,BaryCDI,315,4215,13.380952380952381,3900,0.8840403940357099
1.2649977816181491e-05,0.8,FFD,265,4215,15.90566037735849,3950,0.8905387050721766
1.2649977816181491e-05,0.8,Linear,835,4215,5.047904191616767,3380,0.8892710053119885
1.2649977816181491e-05,0.8,cold,4215,4215,1.0,0,1.1204106090033423
1.2649977816181491e-05,0.9,BaryCDI,200,4030,20.15,3830,0.885205021879836
1.2649977816181491e-05,0.9,FFD,200,4030,20.15,3830,0.8895035396047564
1.2649977816181491e-05,0.9,Linear,215,4030,18.74418604651163,3815,0.8894620540618265
1.2649977816181491e-05,0.9,cold,4030,4030,1.0,0,1.1255893805120514
